{"type":"FeatureCollection","features":[{"type":"Feature","properties":{"id":1,"name":"Bhojpur","province":"Province No 1"},"geometry":{"type":"Polygon","coordinates":[[[87.11224876946522,27.461931268813032],[87.14281664487231,27.44724476963046],[87.12646758251299,27.42681626915555],[87.13264014502676,27.409024457712576],[87.12769114523024,27.401672706830027],[87.19472964485726,27.35212014482886],[87.18699533316817,27.33618802255927],[87.19371814497646,27.326696767441888],[87.18458395848296,27.315744397286153],[87.20389052143048,27.301568830836914],[87.21228720718892,27.26757439364343],[87.19974889429608,27.26465927000936],[87.20674226983994,27.259973456809632],[87.20519976975362,27.245790706575917],[87.23996252025415,27.21704051930459],[87.26202820773568,27.17769083156668],[87.27423083248698,27.175814832288722],[87.27793089519474,27.15656083201685],[87.27174083277328,27.14081720674875],[87.2470893327066,27.12606151912388],[87.24761164546112,27.11786226962812],[87.22039989513911,27.107057644594647],[87.18564689418889,27.07416976921951],[87.18132202029506,27.051999206398307],[87.20095695719789,27.00774858223133],[87.16267645725276,26.966493893878123],[87.16379120739833,26.945737769482548],[87.15077001972071,26.93739345664278],[87.16072439511481,26.929540393974037],[87.15857220774126,26.915294019403518],[87.15154689457358,26.92523576921542],[87.13792695806274,26.92700314388003],[87.09581201960907,26.91617651873139],[87.09499551972749,26.909537769252722],[87.06417352019184,26.910645144058208],[87.05306820683234,26.90210583121916],[87.04409026945041,26.90695408176549],[87.00363401989415,26.88609533123457],[86.98283683245393,26.895556769329517],[86.98001433269536,26.90616520635922],[86.96987558189267,26.9004335814447],[86.95220251963065,26.907377143540373],[86.96746302010234,26.92730601845801],[86.97544889465081,26.95696526923183],[86.974816519267,26.973676019133052],[86.95950733219769,26.98507326861653],[86.96845758215176,26.991674081993324],[86.96958039471951,27.00712814444836],[86.94713733192236,27.02005683145768],[86.96709083207628,27.057738019593955],[86.94866033200879,27.085570768875925],[86.92581576958219,27.09144370696157],[86.89723739508975,27.114626269686653],[86.91961114533814,27.128679519344416],[86.92521833196054,27.15623164417508],[86.91529864431703,27.169761331919972],[86.93213876978848,27.2028368319543],[86.9307915197129,27.222913394437626],[86.89756451988671,27.249462331821235],[86.91477976877138,27.26645701927606],[86.95069908249673,27.265844706867767],[86.9679920202156,27.284272581814264],[86.96816126992672,27.29542245658115],[86.98779739393461,27.307994769243237],[86.95113620697043,27.335961644314466],[86.94920133267544,27.351540332120692],[86.93401233190366,27.357026519458373],[86.92628889481671,27.370331893801904],[86.93315239476726,27.384339582006135],[86.91288995680611,27.40727308198717],[86.90847083216323,27.43318676885434],[86.93557470790648,27.44291408251894],[86.94274883189314,27.45898383163859],[87.01254576987145,27.43575939378104],[87.0446118951229,27.447624520055626],[87.05936539469724,27.440659831985727],[87.07451352038271,27.45965489495751],[87.09656014493481,27.45520726900031],[87.11224876946522,27.461931268813032]]]}},{"type":"Feature","properties":{"id":1,"name":"Dhankuta","province":"Province No 1"},"geometry":{"type":"Polygon","coordinates":[[[87.3601238949019,27.189859769512793],[87.37828952034516,27.179616644292764],[87.37670389506877,27.166932018897626],[87.40926139549708,27.136051707320462],[87.39723420779251,27.12307239477525],[87.3945430827971,27.102199456539722],[87.40381227012023,27.07381858126257],[87.42916001991904,27.04597345730923],[87.43303695768952,27.013948894226132],[87.4437405205087,27.005807456748755],[87.44103358273372,26.971137956051905],[87.4661570200305,26.967672144254095],[87.49411152043041,26.98523751899637],[87.52715683292155,26.96008939441009],[87.52342352047913,26.934251143575466],[87.5343198322945,26.90159033172847],[87.52476008301147,26.88448233149444],[87.56219995786182,26.88453689426234],[87.57755045798729,26.870357331225932],[87.57822939577005,26.857017706202214],[87.56069645777535,26.863156456905017],[87.51166545759486,26.857233581264836],[87.50494514500252,26.873167332206663],[87.45537589518148,26.857825518632808],[87.42391745712501,26.87015683187235],[87.39446133262447,26.865496269837024],[87.36994914473729,26.845292830999426],[87.32626351964575,26.853842706375872],[87.2993982700142,26.874553331371203],[87.2589025195357,26.865568081601737],[87.23611295694747,26.878432894262687],[87.2185141445122,26.862998143849325],[87.1672837695304,26.87757651844163],[87.17045245701536,26.90078308137413],[87.15890364478742,26.91310008190328],[87.16045545735352,26.930109394133297],[87.15077001972071,26.93739345664278],[87.16379120739833,26.945737769482548],[87.16279895750597,26.96672389459212],[87.1996290200633,27.000001019031856],[87.18132202029506,27.051999206398307],[87.18564689418889,27.07416976921951],[87.2736204581177,27.142783581597087],[87.277929145114,27.160185018923528],[87.2672205829636,27.18192576965862],[87.28777858221588,27.189887019870127],[87.31489720773999,27.182016332287958],[87.3601238949019,27.189859769512793]]]}},{"type":"Feature","properties":{"id":1,"name":"Ilam","province":"Province No 1"},"geometry":{"type":"Polygon","coordinates":[[[87.95742139498145,27.10426883164132],[88.0059964586697,27.1041190189776],[88.02369564623712,27.087395019364692],[88.0188535830265,27.073487581286884],[88.04022439583923,27.036291456885294],[88.06229064539701,27.02877739456119],[88.0802236459046,27.035019894652464],[88.09485939544481,27.004183206489813],[88.13814727107973,26.984554393970143],[88.12516183415136,26.96802195714764],[88.12306383272977,26.9501022063518],[88.1486420832656,26.9206753934547],[88.13898333301444,26.89836739354041],[88.17612795773914,26.86515501938868],[88.1701503952246,26.83739158175615],[88.17684939658244,26.833168331253546],[88.18745970779935,26.782835082173335],[88.16848189562302,26.78317120648603],[88.15305239635109,26.80548108148679],[88.15728008410866,26.79517733116893],[88.14769108347679,26.76907564462533],[88.1386738960835,26.765330394582122],[88.13386677153431,26.777865394372498],[88.12799520851212,26.758294268865484],[88.11415052063006,26.7455732685915],[88.09928070813822,26.76148495646561],[88.09492233269953,26.801181331053613],[88.07968827139666,26.782979956659744],[88.06977458313054,26.7913140190268],[88.0487760203971,26.744921019089816],[88.02930276990696,26.76625495700074],[88.02940014580014,26.77795664408393],[88.01053958363491,26.766793893723275],[88.00703664512514,26.779721768644777],[87.9994793335045,26.753292393429263],[87.98391270740558,26.752119519200505],[87.98173870787514,26.777737581824],[87.96585727139603,26.776892206510183],[87.96731414523168,26.789559644062365],[87.95971514553759,26.767788081654714],[87.94981320781335,26.76675133150877],[87.96028845794604,26.74978576859837],[87.95118283302139,26.739351768569293],[87.95279764579476,26.72819570646675],[87.9380851454132,26.726143143291495],[87.92991502136118,26.715480456457954],[87.93898577057689,26.70098745630611],[87.93644783340085,26.688434956608035],[87.92684533304572,26.69714526833951],[87.88187420802836,26.68424401874654],[87.86965883268903,26.691806831520125],[87.8685758960608,26.671325456304828],[87.84773414631388,26.67461745703008],[87.81706395863483,26.69368301875636],[87.79587852037747,26.680071643791393],[87.79333014477044,26.66594339427229],[87.76763589607981,26.66492458110457],[87.7099167074901,26.69533108126444],[87.6929331455483,26.756291081168513],[87.67806514519037,26.752005268428434],[87.665676082885,26.760431768511353],[87.68175283322671,26.781157269192647],[87.65857989594548,26.79792333099698],[87.66406964549782,26.814538331878566],[87.60214220799656,26.861823831604568],[87.63920033322887,26.860347831886997],[87.69079614592545,26.880710394069467],[87.70081358268078,26.91150908137905],[87.69653208218989,26.922246956931588],[87.70886470843959,26.928959894183834],[87.67975145856303,26.95173239393489],[87.69275858264251,26.974375019891284],[87.73520883332105,27.00600720606775],[87.74204014473696,27.01933476938416],[87.78054520809496,27.012501331970952],[87.84353577015975,27.04738295665817],[87.8981033332023,27.092243019000193],[87.95742139498145,27.10426883164132]]]}},{"type":"Feature","properties":{"id":1,"name":"Jhapa","province":"Province No 1"},"geometry":{"type":"Polygon","coordinates":[[[88.15494014617087,26.805526581786353],[88.16626614596595,26.78501720617919],[88.18745970779935,26.782835082173335],[88.1905650200597,26.77135070637007],[88.18464345832899,26.719169643664202],[88.16974727052019,26.699248768216137],[88.16307839555157,26.636256581076395],[88.14460964641813,26.62547576919144],[88.14173008287707,26.606494393901187],[88.13248777089399,26.60098776857069],[88.13266064577226,26.573154081295854],[88.11576539545672,26.57217045590187],[88.11599170805096,26.55796814361497],[88.10799977117256,26.56061201823013],[88.11410539534779,26.544869955983756],[88.10093252171856,26.537480456058233],[88.10569070785994,26.518569580421854],[88.09292070802434,26.506798330778395],[88.1012934583265,26.505440894082028],[88.10833395834555,26.489159268285675],[88.10287802150356,26.479491394412378],[88.10982739591765,26.47518614372558],[88.09448002093626,26.4627443316856],[88.09821733266381,26.438845205341977],[88.07395052119966,26.407739206199437],[88.06263895822138,26.409355956112563],[88.03684539559856,26.391735705638382],[88.02973189581041,26.381541893843405],[88.03243533252464,26.364550018568536],[87.99797833263398,26.36582108077829],[87.99418920826542,26.392237019223103],[87.96833564557363,26.39684639364623],[87.9297593963791,26.41757051926413],[87.92857914591093,26.427376643217542],[87.91852477130124,26.431519455658417],[87.92737277103663,26.445219081095786],[87.90124814548557,26.44845083174056],[87.91218039600852,26.45746683112941],[87.89065008303498,26.486393519345484],[87.88811883321762,26.476168456109406],[87.8606583322163,26.463256768085444],[87.86392814576737,26.448588768856666],[87.85120295824998,26.43615845554831],[87.83073708285013,26.439812893850046],[87.83221602065288,26.449907580570425],[87.81971227050497,26.458751706026476],[87.78931389482045,26.46792276922048],[87.79112701979619,26.46116508080388],[87.77638164559653,26.45012708169952],[87.78031227019517,26.435529456219456],[87.77304064620893,26.427178331015227],[87.77851245788366,26.42108251844354],[87.75633789577734,26.407839331320133],[87.74997826978137,26.41752720611572],[87.73617639502464,26.407450268415232],[87.71366739483449,26.4270288933688],[87.67797776975834,26.435798643992257],[87.6753506450163,26.44946226866881],[87.66115258202609,26.458368393386706],[87.6622608948245,26.471073268816326],[87.64514545809647,26.507122206324823],[87.64841527074822,26.548868518067707],[87.6382370199226,26.5802944564241],[87.64466389542247,26.583537768753104],[87.64094627075383,26.597252831053368],[87.65796783264943,26.615533706415476],[87.64487370815516,26.666114706128837],[87.65540627028321,26.685370331475667],[87.65758358291606,26.71551645631945],[87.68088708287263,26.729878643784446],[87.68974008283863,26.749663019233026],[87.70415670716636,26.731570393558854],[87.71030283320925,26.694895893031116],[87.76763589607981,26.66492458110457],[87.79333014477044,26.66594339427229],[87.79587852037747,26.680071643791393],[87.81706395863483,26.69368301875636],[87.84773414631388,26.67461745703008],[87.86914939552821,26.67134676843864],[87.86452720756466,26.687385831790778],[87.86965883268903,26.691806831520125],[87.88187420802836,26.68424401874654],[87.92684533304572,26.69714526833951],[87.93644783340085,26.688434956608035],[87.93898577057689,26.70098745630611],[87.92991502136118,26.715480456457954],[87.9380851454132,26.726143143291495],[87.95279764579476,26.72819570646675],[87.95118283302139,26.739351768569293],[87.96028845794604,26.74978576859837],[87.94981320781335,26.76675133150877],[87.95971514553759,26.767788081654714],[87.96731414523168,26.789559644062365],[87.96585727139603,26.776892206510183],[87.98173870787514,26.777737581824],[87.98391270740558,26.752119519200505],[87.9994793335045,26.753292393429263],[88.00703664512514,26.779721768644777],[88.01053958363491,26.766793893723275],[88.02940014580014,26.77795664408393],[88.02930276990696,26.76625495700074],[88.04909545778918,26.744941206171802],[88.06977458313054,26.7913140190268],[88.07968827139666,26.782979956659744],[88.09534789548906,26.801108019219782],[88.09928070813822,26.76148495646561],[88.11415052063006,26.7455732685915],[88.12799520851212,26.758294268865484],[88.13386677153431,26.777865394372498],[88.1386738960835,26.765330394582122],[88.14769108347679,26.76907564462533],[88.15494014617087,26.805526581786353]]]}},{"type":"Feature","properties":{"id":1,"name":"Khotang","province":"Province No 1"},"geometry":{"type":"Polygon","coordinates":[[[86.83755239462738,27.430554206811223],[86.90847083216323,27.43318676885434],[86.91288995680611,27.40727308198717],[86.93315239476726,27.384339582006135],[86.92628889481671,27.370331893801904],[86.93401233190366,27.357026519458373],[86.94920133267544,27.351540332120692],[86.95113620697043,27.335961644314466],[86.98779739393461,27.307994769243237],[86.96816126992672,27.29542245658115],[86.9679920202156,27.284272581814264],[86.95069908249673,27.265844706867767],[86.91477976877138,27.26645701927606],[86.89756451988671,27.249462331821235],[86.9307915197129,27.222913394437626],[86.93213876978848,27.2028368319543],[86.91529864431703,27.169761331919972],[86.92521833196054,27.15623164417508],[86.91961114533814,27.128679519344416],[86.89723739508975,27.114626269686653],[86.92581576958219,27.09144370696157],[86.94866033200879,27.085570768875925],[86.96551601934885,27.061041456997714],[86.94713733192236,27.02005683145768],[86.96958039471951,27.00712814444836],[86.96845758215176,26.991674081993324],[86.95950733219769,26.98507326861653],[86.974816519267,26.973676019133052],[86.97544889465081,26.95696526923183],[86.95400489411065,26.90425220627435],[86.93383614392297,26.90737651941089],[86.91693833233825,26.895427268753508],[86.8647452699783,26.89479570635683],[86.84094083235357,26.884200456985525],[86.83648101968339,26.874584018937355],[86.80932908237133,26.87227745574006],[86.78218445744682,26.887441706269783],[86.77407601969259,26.88495108152722],[86.76330639447457,26.92383008209265],[86.76691670754008,26.957194581964416],[86.7573543942899,26.97405620662869],[86.74961870753737,27.024034769389175],[86.7291509570511,27.039143582110682],[86.70041826968748,27.094301019476518],[86.67122814486305,27.119719956910558],[86.5836693941273,27.152125081607267],[86.53558708247795,27.134792456806508],[86.51691089392267,27.11391233208849],[86.46815639480184,27.102044769550503],[86.44803564412973,27.13230251914598],[86.42866395677623,27.133754956625978],[86.44960626871438,27.1638668946415],[86.47025351938447,27.16791120703664],[86.49360389380473,27.186429143690077],[86.527654018818,27.19241733259389],[86.55937008206371,27.226527269717792],[86.58899733136184,27.22365220638426],[86.59989270698287,27.23426708255988],[86.62114795691275,27.234714332500516],[86.63694870621788,27.256137332072285],[86.67138301981055,27.269166145101565],[86.67529258138757,27.288408081867544],[86.6696673318819,27.297231645224315],[86.6885614567459,27.309868895233365],[86.68068720694907,27.342864645187262],[86.68361114393917,27.390371707288523],[86.7541847697114,27.39417851952311],[86.77299389425286,27.411195394152173],[86.79103939455246,27.4071573320453],[86.8062170197997,27.415077082141693],[86.82334508210988,27.439662394803747],[86.83755239462738,27.430554206811223]]]}},{"type":"Feature","properties":{"id":1,"name":"Morang","province":"Province No 1"},"geometry":{"type":"Polygon","coordinates":[[[87.50961270736059,26.870106331342186],[87.5118282070062,26.857203706685766],[87.60214220799656,26.861823831604568],[87.66406964549782,26.814538331878566],[87.65857989594548,26.79792333099698],[87.68175283322671,26.781157269192647],[87.66577208281541,26.760300393748196],[87.67806514519037,26.752005268428434],[87.6929331455483,26.756291081168513],[87.68120389514371,26.730224644451823],[87.65737752035636,26.714978019619934],[87.64403183300277,26.653738206453113],[87.65796783264943,26.615533706415476],[87.64094627075383,26.597252831053368],[87.64466389542247,26.583537768753104],[87.6382370199226,26.5802944564241],[87.64841527074822,26.548868518067707],[87.64514545809647,26.507122206324823],[87.6622608948245,26.471073268816326],[87.66029320786532,26.459907018294302],[87.68168664492276,26.436110456032793],[87.68084977090024,26.41548758148673],[87.65278370780192,26.405546393751138],[87.65435683250189,26.393178768585358],[87.58964302100867,26.381796830959047],[87.59027639463994,26.39227033101099],[87.55533839595029,26.40540264341729],[87.55004389550942,26.41820339377165],[87.4691001449558,26.44005795640959],[87.37116770812327,26.407743518448683],[87.35887033259985,26.38787170641416],[87.36079514438046,26.36072814358903],[87.3434590203176,26.34742364428581],[87.31481602054299,26.37114820592501],[87.30380426995117,26.365942830996914],[87.2683558322559,26.373549331036827],[87.2686197697866,26.405311955782167],[87.2450268949753,26.41789795612584],[87.2495242075762,26.453347581825483],[87.24106508278737,26.469633956042287],[87.25665439518423,26.51883508097427],[87.24847120758022,26.520785956007103],[87.26864670807919,26.54836151896899],[87.28638802079058,26.558640643151193],[87.29376908237731,26.576197081330292],[87.28793501928578,26.5926836437352],[87.30330864547767,26.615102331307583],[87.30374639498018,26.629208580711463],[87.28748045785693,26.657109143372338],[87.34175051977076,26.736248643460158],[87.32599495780113,26.786606518675967],[87.35161283246629,26.820102769227447],[87.35643651982957,26.838749206410796],[87.34998208280695,26.84930870683138],[87.37148239529637,26.845392644055323],[87.39446133262447,26.865496269837024],[87.42391745712501,26.87015683187235],[87.45537589518148,26.857825518632808],[87.49090058279575,26.87215614349128],[87.50961270736059,26.870106331342186]]]}},{"type":"Feature","properties":{"id":1,"name":"Okhaldhunga","province":"Province No 1"},"geometry":{"type":"Polygon","coordinates":[[[86.35959401904881,27.524239893856077],[86.37774476970543,27.51568689423482],[86.40388376912068,27.516733268925293],[86.42551770647702,27.48716089445975],[86.44227701976871,27.485360707131008],[86.45690570603358,27.454206894632534],[86.46981308180835,27.445271332406094],[86.4627249563917,27.434101581722643],[86.46701214419517,27.428163207166335],[86.47583120734441,27.421023207055384],[86.50499308176535,27.42512158129597],[86.51217820715857,27.410472832055632],[86.56684351931301,27.36527008214864],[86.57317539402925,27.340465394262594],[86.65966826917531,27.33947983172891],[86.68100620637136,27.353236520049393],[86.6885614567459,27.309868895233365],[86.6696673318819,27.297231645224315],[86.67529258138757,27.288408081867544],[86.67138301981055,27.269166145101565],[86.63694870621788,27.256137332072285],[86.62114795691275,27.234714332500516],[86.59989270698287,27.23426708255988],[86.58899733136184,27.22365220638426],[86.55937008206371,27.226527269717792],[86.52819114430594,27.192750893838706],[86.4930992698155,27.186208456355246],[86.43044708216718,27.146464519322137],[86.42198176914337,27.1506135811519],[86.41920795598242,27.165687269052285],[86.38807726955042,27.1806738944847],[86.381401394259,27.192972144149167],[86.34594883227282,27.202548269187332],[86.34335839447436,27.228705082373722],[86.29729620655473,27.238123706443957],[86.26902833199199,27.25333451937263],[86.26866783155526,27.260770019620736],[86.2324823319941,27.237113331615035],[86.20593701887839,27.249955895048572],[86.21617351879291,27.26861376891037],[86.24296714371877,27.288473894254878],[86.23958764435434,27.305819144637837],[86.21802139357249,27.333274206539443],[86.2302703316106,27.39794214451439],[86.2506316437354,27.42032414424392],[86.26611764381425,27.45585970735965],[86.29443933111031,27.470106519900014],[86.34065676899473,27.519789707529014],[86.35959401904881,27.524239893856077]]]}},{"type":"Feature","properties":{"id":1,"name":"Panchthar","province":"Province No 1"},"geometry":{"type":"Polygon","coordinates":[[[88.07713820866144,27.432863520135413],[88.08267570771778,27.426435269572096],[88.05798070834305,27.417872581554434],[88.04951608330066,27.405134082272127],[88.0444092084183,27.369903456779184],[88.06921170825382,27.335635832527714],[88.04412114567441,27.30406726978873],[88.04740358300899,27.293428769322304],[88.03431345869922,27.28594020637547],[88.03345320859876,27.24973158254653],[88.01476539540676,27.215728831120714],[88.01506227060736,27.177250269884098],[88.02195389595562,27.170708519482616],[88.01357133315054,27.16547801929522],[88.00999458368312,27.142971081250437],[87.99380045832453,27.130484394839016],[87.99420733320193,27.105123581488158],[87.95442139603068,27.105825894449538],[87.8981033332023,27.092243019000193],[87.84353577015975,27.04738295665817],[87.78054520809496,27.012501331970952],[87.74204014473696,27.01933476938416],[87.73520883332105,27.00600720606775],[87.69275858264251,26.974375019891284],[87.67975145856303,26.95173239393489],[87.70886470843959,26.928959894183834],[87.69653208218989,26.922246956931588],[87.70081358268078,26.91150908137905],[87.6907336457412,26.880679143527686],[87.63920033322887,26.860347831886997],[87.58618570690493,26.859523643701266],[87.56219995786182,26.88453689426234],[87.52484333325327,26.884396269072624],[87.5343198322945,26.90159033172847],[87.52342352047913,26.934251143575466],[87.52891939531389,26.957192018896592],[87.49508664543242,26.985017456690343],[87.51401577101109,26.99032495683133],[87.53850651995998,27.013228581334033],[87.54471658330374,27.023510644500675],[87.53544501997175,27.034714269048322],[87.53946864526182,27.04505676935446],[87.57287302107312,27.069397581533224],[87.59158633274313,27.099251519342204],[87.636783645349,27.118383768496187],[87.64746320796075,27.132379832063634],[87.7085945206207,27.150177581730077],[87.72057245785271,27.187295144055724],[87.75409039555535,27.208063831980326],[87.74864458328096,27.224035269012518],[87.68358283308135,27.26715358197231],[87.69140927042156,27.28827214484369],[87.78353677050563,27.27240401923018],[87.84227239535483,27.285876832050235],[87.8722148327484,27.278750206656753],[87.89698370783191,27.2861233317264],[87.9530245204653,27.28236139476263],[88.00643645737665,27.32879151961299],[88.03996683360253,27.41322689430575],[88.07025814589679,27.437878207313474],[88.07713820866144,27.432863520135413]]]}},{"type":"Feature","properties":{"id":1,"name":"Sankhuwasabha","province":"Province No 1"},"geometry":{"type":"Polygon","coordinates":[[[87.02089089479904,27.953792958178553],[87.04161339534198,27.95016901948469],[87.0558657701892,27.926363645665788],[87.08076214485715,27.91543708245547],[87.09075814537215,27.883148644794176],[87.10966514493055,27.874700456660776],[87.1183942075267,27.840097957254955],[87.14299095686721,27.836886394591488],[87.17077595664512,27.821457082378515],[87.228176269919,27.819474207668577],[87.24115651955776,27.839234081987343],[87.26295264514852,27.850704207133504],[87.30612120772759,27.843205206655],[87.32038101996818,27.82550070769156],[87.35776202070076,27.827195956728076],[87.37636764575029,27.84506902011924],[87.42110695791985,27.862264207826968],[87.43428733279421,27.84215964495172],[87.40614602072236,27.833831269897246],[87.452332208065,27.82207183284885],[87.49263564571851,27.846232769826543],[87.5385018326935,27.842911520450343],[87.56393183268801,27.866806269793585],[87.58890483319158,27.85260427047075],[87.59204608236087,27.82014677015735],[87.60406414554393,27.820859644756865],[87.614022958193,27.81033270788822],[87.63837470792646,27.834139456770572],[87.67207345792383,27.83464289455401],[87.66717927090667,27.809258082794315],[87.67989058368357,27.789590707345326],[87.65970864493806,27.76139389541197],[87.66626739522417,27.74999939425669],[87.64377070855141,27.73067639529944],[87.64192914611328,27.709811207421353],[87.62446014541945,27.711567582477983],[87.60782514541421,27.673937269889166],[87.59316477063771,27.681149082664092],[87.58233876961856,27.675865394772188],[87.57716358313291,27.69285070769405],[87.56366608302335,27.69819977000344],[87.54800464589772,27.65924252032613],[87.5348302083475,27.65192676930502],[87.54758370742223,27.637941332126843],[87.53728208310173,27.631720082116146],[87.53193370787437,27.59464714415043],[87.5153286454007,27.598669832346957],[87.4843645826594,27.566866019551185],[87.48975689516465,27.54622983234094],[87.47751233232833,27.52686002007391],[87.47888870784766,27.5121114568783],[87.4707517705778,27.507181770022726],[87.47378570724464,27.48638470668891],[87.46117520846917,27.473450020302266],[87.46361677069746,27.4464225824363],[87.44696576995437,27.40591170715959],[87.46102983306042,27.371338895273823],[87.51918908241026,27.297032581188716],[87.48218508197601,27.249881270204526],[87.46993033251891,27.217566019256424],[87.47263445811382,27.197552331974578],[87.45420733320191,27.179328144478347],[87.42245389593063,27.17574689480341],[87.40852714491189,27.155598331697718],[87.40926139549708,27.136051707320462],[87.37670389506877,27.166932018897626],[87.37861477005566,27.179159956866556],[87.36785451937061,27.188002894318174],[87.31489720773999,27.182016332287958],[87.28777858221588,27.189887019870127],[87.2636554572336,27.176753581512628],[87.24952801980231,27.19123301988799],[87.23996252025415,27.21704051930459],[87.20485958320324,27.246626206434314],[87.20674226983994,27.259973456809632],[87.19974889429608,27.26465927000936],[87.21228720718892,27.26757439364343],[87.20389052143048,27.301568830836914],[87.18458395848296,27.315744397286153],[87.19371814497646,27.326696767441888],[87.18699533316817,27.33618802255927],[87.19472964485726,27.35212014482886],[87.12754195759533,27.40190295665616],[87.13264014502676,27.409024457712576],[87.12638095711554,27.426509457345617],[87.1404423330473,27.452459832055638],[87.11118233269855,27.4633424570888],[87.09673120767917,27.455222894720862],[87.07504989493674,27.459742582454282],[87.05936539469724,27.440659831985727],[87.0446118951229,27.447624520055626],[87.01254576987145,27.43575939378104],[86.9426227073721,27.458913832007795],[86.9504383951159,27.474841207655686],[86.96539239494314,27.483240019411426],[86.94534245688891,27.508912893914953],[86.95044764554245,27.52763489483459],[86.96917008263324,27.54126739397509],[86.96834983257878,27.561205769330854],[86.95591464494498,27.572060644882924],[86.95619108215277,27.604380644251364],[86.98615983191075,27.646021269466075],[86.98986083261138,27.686778020289466],[87.0107152699938,27.725719957210288],[86.98142770722296,27.7500007702194],[86.98559758296216,27.791131707362467],[87.0126315193292,27.814510707203453],[87.00043020668875,27.824195895724074],[86.97920789532816,27.825649707368143],[86.99323901986492,27.845327082379015],[86.97000283236486,27.906495144935036],[86.9835660819092,27.919611582508594],[86.98576339456508,27.94924495708915],[87.02089089479904,27.953792958178553]]]}},{"type":"Feature","properties":{"id":1,"name":"Solukhumbu","province":"Province No 1"},"geometry":{"type":"Polygon","coordinates":[[[86.58244520728056,28.110483269986958],[86.60679120674882,28.09989870725957],[86.61078476860223,28.075769894964708],[86.63724070709304,28.070483582851125],[86.66038283180228,28.08085420675627],[86.66605295657877,28.097740832573436],[86.69153670635399,28.108420957261444],[86.74072383243896,28.10353627068241],[86.75329301905765,28.081097770146016],[86.76737914523142,28.074378207588268],[86.7493116448166,28.050314207634642],[86.75536370716941,28.03768058279269],[86.77578626942085,28.037816957786447],[86.79254720688817,28.018680145472388],[86.80513108213381,28.023362395558138],[86.83827564470528,28.015093019627216],[86.85450270773384,28.027453395357952],[86.86988758174658,28.02500714586313],[86.89238645736918,27.9967138951302],[86.92781826929775,27.987628020217016],[86.93594489404171,27.96234933205608],[86.98576339456508,27.94924495708915],[86.9835660819092,27.919611582508594],[86.96953345730327,27.902447020313787],[86.99306245776626,27.846739582765565],[86.97920789532816,27.825649707368143],[87.00043020668875,27.824195895724074],[87.0126315193292,27.814510707203453],[86.98559758296216,27.791131707362467],[86.98866220719515,27.780407145373488],[86.9819197694818,27.77507445702065],[86.98142770722296,27.7500007702194],[87.01033495749238,27.726550394784965],[87.00993920722868,27.717465894935174],[86.98986083261138,27.686778020289466],[86.98615983191075,27.646021269466075],[86.95619108215277,27.604380644251364],[86.95591464494498,27.572060644882924],[86.96834983257878,27.561205769330854],[86.96917008263324,27.54126739397509],[86.95044764554245,27.52763489483459],[86.94534245688891,27.508912893914953],[86.96539239494314,27.483240019411426],[86.9504383951159,27.474841207655686],[86.9426328319397,27.45025770622823],[86.90847083216323,27.43318676885434],[86.87374039430381,27.427926707051938],[86.86163270738359,27.43508201902],[86.83755239462738,27.430554206811223],[86.82424227006476,27.439932019647017],[86.8062170197997,27.415077082141693],[86.79103939455246,27.4071573320453],[86.77299389425286,27.411195394152173],[86.7541847697114,27.39417851952311],[86.68672033227756,27.392310269703216],[86.68100620637136,27.353236520049393],[86.64423664480535,27.337994956602017],[86.57317539402925,27.340465394262594],[86.56684351931301,27.36527008214864],[86.51217820715857,27.410472832055632],[86.50499308176535,27.42512158129597],[86.47583120734441,27.421023207055384],[86.46701214419517,27.428163207166335],[86.4627249563917,27.434101581722643],[86.46981308180835,27.445271332406094],[86.45690570603358,27.454206894632534],[86.44227701976871,27.485360707131008],[86.42551770647702,27.48716089445975],[86.40388376912068,27.516733268925293],[86.37774476970543,27.51568689423482],[86.35798551951615,27.5259767077589],[86.37867926963264,27.567789956941],[86.41584545740199,27.58651939525396],[86.43718564380248,27.61000227038852],[86.49490026923212,27.61346226896859],[86.50226695695454,27.62008439447925],[86.5095821441007,27.640316956962067],[86.52862520748738,27.650130769219686],[86.5404432695413,27.67002933158841],[86.542666144527,27.70133558187166],[86.55337439461266,27.710599269840486],[86.56530164425556,27.749070769600394],[86.57517845761976,27.754322832832543],[86.56640201963756,27.769339019879908],[86.56949914447,27.80373620765988],[86.54276545666056,27.814607333062042],[86.55651826980238,27.856880332761193],[86.55685239402283,27.908662770070805],[86.5502191438984,27.93019845739292],[86.53613908185321,27.941857645214213],[86.52414545594809,27.94017639502465],[86.51457876929481,27.966997894437327],[86.52256370674974,27.974115207350962],[86.51524989466697,27.98450483303168],[86.51745320670017,28.00124320740815],[86.53387258165435,28.026911332591965],[86.53576733179699,28.046382957107824],[86.55131545704279,28.05051176980237],[86.56776245647222,28.06874589480725],[86.56102914417971,28.077627895211265],[86.56927964424023,28.091602520739798],[86.56476358167401,28.106917520127524],[86.58244520728056,28.110483269986958]]]}},{"type":"Feature","properties":{"id":1,"name":"Sunsari","province":"Province No 1"},"geometry":{"type":"Polygon","coordinates":[[[87.24064533231632,26.87540801916481],[87.2589025195357,26.865568081601737],[87.31072439571437,26.871450707184465],[87.32607270778931,26.853978518393944],[87.34998208280695,26.84930870683138],[87.35643651982957,26.838749206410796],[87.3488565830649,26.81432783116452],[87.32606545835426,26.78729464393274],[87.34175051977076,26.736248643460158],[87.28748045785693,26.657109143372338],[87.30374639498018,26.629208580711463],[87.30330864547767,26.615102331307583],[87.28793501928578,26.5926836437352],[87.29355145813332,26.575504706776826],[87.28638802079058,26.558640643151193],[87.26864670807919,26.54836151896899],[87.24847120758022,26.520785956007103],[87.25665439518423,26.51883508097427],[87.24106508278737,26.469633956042287],[87.2495242075762,26.453347581825483],[87.24758514513837,26.41393051867857],[87.23125077050673,26.41337326816182],[87.22138614475483,26.40286514331177],[87.21380583207355,26.41280464391923],[87.18839039480093,26.413928143569024],[87.19151345787981,26.405189956451352],[87.16494414455667,26.40371995611116],[87.09396570785117,26.450016081077308],[87.0751247068398,26.54164164344712],[87.07423733228711,26.58545833123702],[87.04709389446771,26.586954893953248],[87.04477676963228,26.56800508126952],[87.01773189481116,26.531779893727162],[86.93514233275249,26.516485206427205],[86.93229333177192,26.489284393659887],[86.90652639537689,26.487958643676507],[86.93572601974006,26.533228956051516],[86.96607658206864,26.54424820608989],[86.99478502011266,26.571735769490203],[86.98498277043853,26.58597339365724],[86.99185220681397,26.605621769129414],[86.9812842078,26.624853269263042],[87.01584095689469,26.67052901939877],[87.0124480198603,26.71051051864555],[87.03675302013585,26.750281956047502],[87.0455767066997,26.756000269197102],[87.06680120790946,26.74409645588679],[87.1075958327815,26.75446826869569],[87.14451895718418,26.815279705993703],[87.14458364451963,26.8350735189278],[87.16055914558814,26.87500714456411],[87.18174514502249,26.87684326880185],[87.2185141445122,26.862998143849325],[87.23518264516298,26.878091393802833],[87.24064533231632,26.87540801916481]]]}},{"type":"Feature","properties":{"id":1,"name":"Taplejung","province":"Province No 1"},"geometry":{"type":"Polygon","coordinates":[[[87.83673277030118,27.95136883290536],[87.85956752112423,27.947740019886055],[87.85660939550723,27.928510457791447],[87.86848839562299,27.910548519798397],[87.93477358353414,27.917659582423823],[87.98744820856803,27.885711957241085],[88.00502364582468,27.897867645475515],[88.0242009582077,27.896379582251996],[88.03268308315779,27.905661458109876],[88.06705589571305,27.886093394794386],[88.08676627044707,27.895257457665593],[88.09842539531581,27.866960644718006],[88.13752320902893,27.88148020724583],[88.19925714570076,27.853136707792885],[88.2038905203313,27.837222206839442],[88.17575689566428,27.820236769811117],[88.1999195827226,27.790583957283843],[88.18389358382188,27.775646520270755],[88.1811772085614,27.74679076967834],[88.15888852068872,27.736300707711564],[88.15007608374435,27.70272764516477],[88.15740177047536,27.690424457322877],[88.1472412084151,27.665377081986776],[88.12267964594895,27.645317270275825],[88.11628014581214,27.61036339405547],[88.08457902030563,27.5847399570834],[88.07780833308817,27.571803331758417],[88.08365920810604,27.5645783322243],[88.06161158350784,27.534839207263644],[88.06979602027019,27.526055894863703],[88.06002852039995,27.517644769590504],[88.06415489503246,27.511848331435374],[88.04634502070621,27.49571777015899],[88.04656433297765,27.478229706535785],[88.07501933307583,27.444569894485085],[88.03693320810112,27.4088789572981],[88.00643645737665,27.32879151961299],[87.9530245204653,27.28236139476263],[87.89698370783191,27.2861233317264],[87.8722148327484,27.278750206656753],[87.84227239535483,27.285876832050235],[87.78353677050563,27.27240401923018],[87.69880002040469,27.29106051982717],[87.68240264556567,27.270735894645895],[87.65391814590578,27.26784595652572],[87.60926995754255,27.283297018842404],[87.55997689581716,27.2849810821113],[87.51906864520186,27.296389956231565],[87.46102983306042,27.371338895273823],[87.44696576995437,27.40591170715959],[87.46361677069746,27.4464225824363],[87.46117520846917,27.473450020302266],[87.47378570724464,27.48638470668891],[87.4707517705778,27.507181770022726],[87.47888870784766,27.5121114568783],[87.47751233232833,27.52686002007391],[87.48975689516465,27.54622983234094],[87.4843645826594,27.566866019551185],[87.5153286454007,27.598669832346957],[87.53193370787437,27.59464714415043],[87.53728208310173,27.631720082116146],[87.54758370742223,27.637941332126843],[87.5348302083475,27.65192676930502],[87.54800464589772,27.65924252032613],[87.56366608302335,27.69819977000344],[87.57716358313291,27.69285070769405],[87.58233876961856,27.675865394772188],[87.59316477063771,27.681149082664092],[87.61038095751525,27.675027207739504],[87.61894758366412,27.68834251959163],[87.61772977031274,27.704255519576634],[87.62521770733139,27.711812395026072],[87.64192914611328,27.709811207421353],[87.64377070855141,27.73067639529944],[87.66626739522417,27.74999939425669],[87.65970864493806,27.76139389541197],[87.6741940826908,27.773165332114445],[87.67993114580577,27.790188457031718],[87.66802602038462,27.806629832101123],[87.73572133267345,27.8090430818728],[87.74635558294386,27.834947208047254],[87.7560003334487,27.835677645506962],[87.76874464504937,27.859287145185647],[87.78122677099873,27.865658707883085],[87.77798745795485,27.87771433215073],[87.78717770818474,27.899137457627603],[87.81615002080684,27.92123152051829],[87.82727477031443,27.919942269520163],[87.83673277030118,27.95136883290536]]]}},{"type":"Feature","properties":{"id":1,"name":"Terhathum","province":"Province No 1"},"geometry":{"type":"Polygon","coordinates":[[[87.53814420738934,27.290899894614483],[87.60926995754255,27.283297018842404],[87.65391814590578,27.26784595652572],[87.68240264556567,27.270735894645895],[87.74864458328096,27.224035269012518],[87.75409039555535,27.208063831980326],[87.72057245785271,27.187295144055724],[87.7085945206207,27.150177581730077],[87.64746320796075,27.132379832063634],[87.636783645349,27.118383768496187],[87.59158633274313,27.099251519342204],[87.57287302107312,27.069397581533224],[87.53963170763728,27.045290831406817],[87.53544501997175,27.034714269048322],[87.54441508288983,27.0217403947035],[87.51401577101109,26.99032495683133],[87.48816039528606,26.98392458165415],[87.48637945704638,26.975267456727806],[87.47133214536228,26.976288894117204],[87.4661570200305,26.967672144254095],[87.44141301929545,26.97075089413852],[87.4437405205087,27.005807456748755],[87.43303695768952,27.013948894226132],[87.42916001991904,27.04597345730923],[87.4036103327507,27.074275018677213],[87.3945430827971,27.102199456539722],[87.39723420779251,27.12307239477525],[87.40917895734304,27.135765394657312],[87.40852714491189,27.155598331697718],[87.42245389593063,27.17574689480341],[87.45420733320191,27.179328144478347],[87.47263445811382,27.197552331974578],[87.47015620804262,27.21861683210119],[87.49435777009506,27.268608894584872],[87.51918808326349,27.29653389452369],[87.53814420738934,27.290899894614483]]]}},{"type":"Feature","properties":{"id":1,"name":"Udayapur","province":"Province No 1"},"geometry":{"type":"Polygon","coordinates":[[[86.40222251895415,27.176391018930417],[86.41962533134404,27.165235456850894],[86.42268720634956,27.149745456587596],[86.43993814482957,27.14700589410677],[86.42885745670634,27.13295695759757],[86.44803564412973,27.13230251914598],[86.46772970606116,27.102092831119307],[86.51691089392267,27.11391233208849],[86.53558708247795,27.134792456806508],[86.5836693941273,27.152125081607267],[86.67122814486305,27.119719956910558],[86.70041826968748,27.094301019476518],[86.7291509570511,27.039143582110682],[86.74961870753737,27.024034769389175],[86.7573543942899,26.97405620662869],[86.76691670754008,26.957194581964416],[86.76330639447457,26.92383008209265],[86.77407601969259,26.88495108152722],[86.78218445744682,26.887441706269783],[86.80770633218157,26.872622768426083],[86.83648101968339,26.874584018937355],[86.84094083235357,26.884200456985525],[86.8647452699783,26.89479570635683],[86.91693833233825,26.895427268753508],[86.93383614392297,26.90737651941089],[86.96987558189267,26.9004335814447],[86.98001433269536,26.90616520635922],[86.98283683245393,26.895556769329517],[87.00457058196685,26.88605239400283],[87.04409026945041,26.90695408176549],[87.05306820683234,26.90210583121916],[87.06366214409275,26.910530268257332],[87.09499551972749,26.909537769252722],[87.09549276927595,26.916007456978605],[87.11811602023818,26.922733393931026],[87.15154689457358,26.92523576921542],[87.1697647076752,26.902720143719705],[87.17105314478687,26.888699894684464],[87.15478708265778,26.86813283116527],[87.14451895718418,26.815279705993703],[87.10625570803455,26.7532506442019],[87.0665466449118,26.744094330788812],[87.04130014528556,26.754241269019417],[87.01335652038716,26.711320643233137],[86.99322014489383,26.69785489368843],[86.96953051921815,26.735327831214477],[86.95127226989939,26.731829268805768],[86.93495051995058,26.740357831149026],[86.92376277023573,26.766205706528183],[86.91113233259114,26.758924831216063],[86.91359908213201,26.73957458100216],[86.8873853949201,26.71173470639161],[86.87372514449987,26.71278395621465],[86.86809908290638,26.700278518938546],[86.85068414495737,26.690947518513212],[86.84288739423789,26.691424330968175],[86.83998502029249,26.709482081832675],[86.82634083176401,26.713968268920553],[86.81670239449994,26.707413768830406],[86.80237870701177,26.712300768465752],[86.75555652001742,26.685932019247332],[86.73936539389786,26.711962081085233],[86.70868176944816,26.70680220555738],[86.68723283252928,26.687732081570346],[86.66731520723107,26.70411820678987],[86.659006269224,26.69115826923877],[86.63618570700481,26.698176581184327],[86.629801769636,26.689674644169543],[86.61869920730265,26.694752331554923],[86.61309689500575,26.68867326795703],[86.6042903315336,26.69951526881465],[86.5887935818584,26.696101893787443],[86.57447376954889,26.721989643307438],[86.57631845713115,26.739216331568514],[86.55557208138652,26.74561158150931],[86.58026639367921,26.784076018893188],[86.56898826929324,26.780607394016045],[86.56628539465532,26.790729582004644],[86.54095026864002,26.782744456591445],[86.53251733210925,26.790850081266285],[86.55586458138538,26.814519080990863],[86.55441320690403,26.83488126815604],[86.52202439411053,26.831205456566636],[86.52014364461354,26.84293164477964],[86.5149177696394,26.84009295722427],[86.50715339451358,26.855727581063093],[86.48233326976464,26.870702144788197],[86.48194045758612,26.888205706428266],[86.45951164454681,26.88704076871653],[86.42082058250395,26.905996768735918],[86.3868197691171,26.90903283140011],[86.3684128933404,26.872213643444923],[86.28989195684841,26.88635783164864],[86.24921970722374,26.86349795646555],[86.1592462066472,26.917088456467127],[86.15983258170832,26.929645206361215],[86.22378733211974,26.888255456024524],[86.22655358108295,26.90349814452378],[86.2441509564016,26.905186581195835],[86.24860195571574,26.914771518690713],[86.2603582064661,26.912522831363617],[86.28583176872121,26.948849956160586],[86.31739983233643,26.963112268516454],[86.35607989387205,26.964765519213415],[86.3849980187436,27.03115320645537],[86.36936095684274,27.037235456351254],[86.36566683145918,27.053748457025733],[86.34845226875723,27.065744769205764],[86.36499789413756,27.099220081741407],[86.34356120688426,27.106171082129777],[86.32545208224786,27.098792081789213],[86.30879758224268,27.108570019191063],[86.32858183178615,27.110633706980025],[86.34540433234412,27.147023394913788],[86.37028833144137,27.140311144743578],[86.3869329559912,27.175869206198968],[86.40222251895415,27.176391018930417]]]}},{"type":"Feature","properties":{"id":2,"name":"Bara","province":"Province No 2"},"geometry":{"type":"Polygon","coordinates":[[[84.9992473926531,27.364581893939317],[85.00617889304152,27.35258458171313],[85.02369895544251,27.351814207159975],[85.02676645570745,27.35841864390534],[85.05838345503247,27.365389332251937],[85.08927351795853,27.36064358193579],[85.0971130800047,27.332186207627444],[85.10628889341774,27.319776206406857],[85.11901051782121,27.31762614413128],[85.12861114308981,27.292625457099234],[85.14700133104662,27.282694581889473],[85.15785495474245,27.262104207043592],[85.19469664283588,27.24482476904791],[85.24519676831625,27.248398769287803],[85.26002520569875,27.228922894575987],[85.273244393514,27.226170269442434],[85.2648009555997,27.221384394074562],[85.24861908080601,27.15874545703724],[85.23404420547575,27.145144581657178],[85.23346858001099,27.133895081792616],[85.1994167678696,27.107186019219455],[85.20468039278597,27.083343081617954],[85.19647989323255,27.07717426927718],[85.20271426794915,27.065473706346495],[85.18536620628544,27.049469769614234],[85.1986730806982,27.050225769403767],[85.20277514215917,27.038870456206666],[85.17946701788861,27.03728745695065],[85.20041158082984,27.027563643447422],[85.18499001807493,27.018327955870518],[85.18922208103425,27.00725851916536],[85.165820081032,26.98017189421762],[85.17451395585442,26.97655714479646],[85.1706788932164,26.95421439417902],[85.17784364267004,26.946859706110615],[85.16619476737469,26.93799851871671],[85.18156733056793,26.928966769500846],[85.17218564255342,26.919802644576464],[85.17773239293564,26.893299768669465],[85.1654213935825,26.88870170591906],[85.17858507973767,26.868934394206974],[85.1133588938979,26.872180018692973],[85.08890514305796,26.867108456590074],[85.08942039343646,26.852608769079495],[85.08048120514354,26.85851939415477],[85.06615714263808,26.849390019034217],[85.06685970561097,26.856571706319244],[85.06012001802446,26.85581458147783],[85.05961714321666,26.84889089349997],[85.02421876808177,26.85459889322442],[85.03147920540107,26.874999143295895],[85.0438923299671,26.874310018892288],[85.05443545553192,26.8809922694777],[85.0505745805525,26.88493826978538],[85.0624412671508,26.886668269525046],[85.00607645576389,26.89481845650664],[84.99492445499965,26.902632831240226],[85.00440408098359,26.903134330984642],[85.00171151797224,26.911906456717645],[84.96981014312365,26.915985580969846],[84.98046532961132,26.940020581384772],[84.9645093932939,26.960220332102722],[84.8944149559855,26.969272831376145],[84.89083564255094,26.9772024569279],[84.86839201767754,26.983496018726328],[84.91347520541643,27.01793214355365],[84.91948339254458,27.034128644021735],[84.90136176733176,27.033099519227505],[84.90228308049984,27.045818082338656],[84.91974357990233,27.072293331971764],[84.93803214266933,27.070732894007904],[84.92640714257561,27.083545581063788],[84.94246020567402,27.092850644141947],[84.94381739325814,27.111128019342686],[84.95722532988515,27.12656858207447],[84.9490034552453,27.140885207186614],[84.95282170595704,27.161185519196408],[84.94690251843656,27.163716706960486],[84.96209889364906,27.196230207158408],[84.97538833020735,27.266728269194346],[84.96061583065614,27.30667414449624],[84.96990183080493,27.312873831462184],[84.97167233061361,27.356003707005527],[84.9992473926531,27.364581893939317]]]}},{"type":"Feature","properties":{"id":2,"name":"Dhanusha","province":"Province No 2"},"geometry":{"type":"Polygon","coordinates":[[[85.91643033159465,27.129416519157132],[85.94044808211333,27.121115644471388],[85.94644883094895,27.09175720702956],[85.9643343931179,27.079524831805713],[85.97322376796262,27.0506420188143],[85.99399183175774,27.02451770622713],[86.10874089387721,27.014908643519107],[86.18992664389964,26.982112581730348],[86.26028351866955,26.92802983151165],[86.26093889331531,26.913035893691642],[86.2265535810829,26.903498144523724],[86.22334914374807,26.888160519092708],[86.16087320703298,26.925654956711014],[86.15946008161757,26.93497751879761],[86.13485045578403,26.91464839340864],[86.14217876853553,26.86372839425013],[86.15750445726496,26.8445922060655],[86.15002301874739,26.770506144043452],[86.16229908123768,26.751319019157563],[86.17688958228837,26.748136831050033],[86.2025222058353,26.68444283187125],[86.19884758225015,26.66640045671579],[86.17242758156783,26.65191026874396],[86.16831189357919,26.63899395640607],[86.15338008182539,26.6374525193184],[86.15749533184419,26.62500220598713],[86.1448040190902,26.604724893239336],[86.13836995620863,26.60622958133024],[86.1407921434427,26.628628018868028],[86.12171995641091,26.629723394019493],[86.0703137693651,26.657566018756825],[86.02932364357139,26.66637251837699],[86.01213808130746,26.653610393904614],[85.9782127057519,26.657919830935498],[85.96250220701137,26.65104758148084],[85.95030401861567,26.61319420554821],[85.93084851894412,26.61620408175304],[85.9294672061468,26.609344956104906],[85.89400183151935,26.594117269196715],[85.89008489370292,26.582878455976015],[85.85137620674669,26.56860345688409],[85.86006545635581,26.58962076868363],[85.85450239317095,26.61490808134289],[85.90813070606737,26.655749206560643],[85.89930539352918,26.668340269188207],[85.90864551847602,26.68109414328012],[85.8892184562668,26.697562893712643],[85.8958721443841,26.720755455999495],[85.88214564360663,26.751925519247493],[85.91097533094683,26.78504089432198],[85.92212514366065,26.84605864419109],[85.91902589373018,26.871000831223455],[85.89740264391708,26.877289581648938],[85.91957414383182,26.949972706675112],[85.92022770634367,26.95864251923706],[85.90855933104837,26.960608332008974],[85.91379676860612,27.00776808223128],[85.92932264372519,27.028684581828145],[85.91629820589759,27.037360143755677],[85.93432989350981,27.042676394300145],[85.9476252062384,27.061308643778943],[85.93719520639382,27.076560456799825],[85.93919251881982,27.09648176931836],[85.90317783109214,27.126642018914083],[85.9079101437382,27.13353158211686],[85.91643033159465,27.129416519157132]]]}},{"type":"Feature","properties":{"id":2,"name":"Mahottari","province":"Province No 2"},"geometry":{"type":"Polygon","coordinates":[[[85.82955133162869,27.167282705932166],[85.84579408063234,27.159716269790067],[85.8379608929809,27.14677458218125],[85.86477720690266,27.126851269570466],[85.88520626945382,27.14608820700522],[85.9079101437382,27.13353158211686],[85.90810551875472,27.119227581687596],[85.93949433129842,27.09602601898564],[85.93719520639371,27.07656045679971],[85.94762520623834,27.061308643778943],[85.93432989350981,27.0426763943002],[85.91629820589753,27.037360143755677],[85.92932264372507,27.02868458182803],[85.91379676860606,27.00776808223128],[85.90855933104837,26.960608332008974],[85.92022770634361,26.958642519236946],[85.91957414383171,26.949972706675112],[85.89740264391696,26.877289581648938],[85.91902589373007,26.871000831223455],[85.92212514366054,26.846058644191146],[85.91097533094683,26.785040894321867],[85.88214564360663,26.75192551924738],[85.89587214438399,26.72075545599955],[85.8892184562668,26.697562893712643],[85.90864551847596,26.68109414328012],[85.89930539352912,26.66834026918815],[85.90818845603246,26.66412814419857],[85.9077550817317,26.653428769522122],[85.86538764332516,26.627273143440846],[85.86441389428586,26.617954893603496],[85.85436083088769,26.614597768472265],[85.85538314421677,26.60423945628594],[85.83349901816524,26.611000581911355],[85.83269383175497,26.601297706424077],[85.8198056439154,26.60244826847287],[85.80368745551169,26.62397620633692],[85.7715805190258,26.6296348944349],[85.73645470591998,26.650231081599202],[85.73874808145882,26.66365033169751],[85.7277272692981,26.670113894140968],[85.7256367061691,26.68653564420464],[85.73636789346358,26.737148955659848],[85.7310088936456,26.749707831551234],[85.73671901846797,26.79558239391241],[85.72298383113895,26.820259456308918],[85.68253414393564,26.84296920676354],[85.6784770818519,26.86412545662455],[85.71199570573731,26.903910331696522],[85.70791533052812,26.91973314406937],[85.7329235179061,26.963392831813792],[85.75001508123108,27.03423970669718],[85.78317851787438,27.07209439384127],[85.78884776850975,27.09222726917318],[85.8000230185475,27.094784769301725],[85.79565201842598,27.137284206600896],[85.82955133162869,27.167282705932166]]]}},{"type":"Feature","properties":{"id":2,"name":"Parsa","province":"Province No 2"},"geometry":{"type":"Polygon","coordinates":[[[84.56741326810788,27.462892207009816],[84.57800358020114,27.453712207252636],[84.63043370475174,27.450605582881394],[84.64513401752095,27.442642894653943],[84.64981908068609,27.428867957290436],[84.72109764274205,27.430990520096486],[84.7282390179164,27.444413082397887],[84.75748451759648,27.435452581971106],[84.79311826779389,27.437483645054215],[84.81230264255299,27.415709269567174],[84.83588420569157,27.417469831867322],[84.85407558052367,27.3982951446053],[84.87369476759949,27.399008520127154],[84.8988886424969,27.385240082164103],[84.90345526764656,27.374436269218506],[84.94714751804361,27.359958456817367],[84.95584820612987,27.366354707703636],[84.97167233061361,27.356003707005527],[84.96990183080493,27.312873831462184],[84.95980020581493,27.300032393979848],[84.97512789283803,27.263868956587146],[84.96209889364906,27.196230207158408],[84.94690251843656,27.163716706960486],[84.95282170595704,27.161185519196408],[84.9490034552453,27.140885207186614],[84.95722532988515,27.12656858207447],[84.94381739325814,27.111128019342686],[84.94246020567402,27.092850644141947],[84.92640714257561,27.083545581063788],[84.93803214266933,27.070732894007904],[84.91974357990233,27.072293331971764],[84.90228308049984,27.045818082338656],[84.90136176733176,27.033099519227505],[84.91948339254458,27.034128644021735],[84.91347520541643,27.01793214355365],[84.88262008115186,26.98895426952396],[84.85825914304507,26.986284081645124],[84.85998383048945,26.99744345685008],[84.8522783924339,26.99811758146126],[84.85687364300429,27.00795751992365],[84.82775814302391,27.020655456184386],[84.81422645608615,27.020519957130375],[84.79574189327383,26.995546269544775],[84.78847239258693,26.998263518946317],[84.79096245525318,27.008679331086284],[84.77524045598233,27.017567268814446],[84.75892345535323,27.002584582412624],[84.6449302680175,27.046212893710106],[84.64847620491298,27.075326831568077],[84.67681182990208,27.0962132695268],[84.6720633924117,27.110156706566784],[84.67914495457603,27.11494270694044],[84.68891732967109,27.158281769288294],[84.67742939255248,27.17067195664555],[84.68754789242138,27.18059208135952],[84.68269770473535,27.20043039454714],[84.69172545466608,27.223256019050098],[84.62452482975715,27.336086269665657],[84.50586864322338,27.35445376952589],[84.48625607965442,27.363522456596172],[84.50621708015416,27.380903394775885],[84.54180814223201,27.38564383189737],[84.53686870492686,27.401526144316165],[84.54837720504406,27.407948519608567],[84.53462551695412,27.414150831695565],[84.55049858074494,27.417758081670172],[84.56038401770832,27.459824769697434],[84.56741326810788,27.462892207009816]]]}},{"type":"Feature","properties":{"id":2,"name":"Rautahat","province":"Province No 2"},"geometry":{"type":"Polygon","coordinates":[[[85.30035233059562,27.230844394153507],[85.35099289330742,27.22188158156979],[85.3618960804398,27.2105015819825],[85.39573551857939,27.210118894371533],[85.4010745183744,27.19646739435484],[85.45035945562444,27.18648101928369],[85.45947095582,27.165837019662774],[85.48246551886865,27.162624519006386],[85.50298626820177,27.175501707238027],[85.50617389361037,27.164317956808304],[85.49439033044945,27.16046739435484],[85.49050958045285,27.138569456515256],[85.47606183058906,27.128733894153925],[85.47095276855549,27.114519269248945],[85.43616739291093,27.088397768842015],[85.43607158093874,27.066941893653507],[85.39048070611977,27.01385633150454],[85.40398208050868,26.978379706358396],[85.3981927056289,26.969759644292196],[85.4009582684094,26.940190394071465],[85.38837864246045,26.918981331523298],[85.39775826832948,26.89207239372604],[85.39265945586925,26.880347018500174],[85.34470895605352,26.858913519343503],[85.35492314288877,26.840898206587042],[85.33783751868657,26.833445643501705],[85.3240761430996,26.804048081054134],[85.34341258062614,26.78651433187099],[85.33195576814427,26.776811706395165],[85.34804345514141,26.77509814446387],[85.3535022050628,26.76139270580876],[85.33545833073742,26.75998895672501],[85.32839589265637,26.74434395650843],[85.24245483072593,26.76161095598087],[85.20811858010842,26.761228581334024],[85.17897276847856,26.809394644147574],[85.19339658018811,26.830947018390248],[85.19480820553434,26.866453769026293],[85.17097826853234,26.87389639460298],[85.16798208000904,26.879104206693853],[85.17526858058056,26.878953581042992],[85.1654213935825,26.88870170591906],[85.17773239293564,26.893299768669465],[85.17218564255342,26.919802644576464],[85.18156733056793,26.928966769500846],[85.16619476737469,26.93799851871671],[85.17784364267004,26.946859706110615],[85.1706788932164,26.95421439417902],[85.17451395585442,26.97655714479646],[85.16588345625655,26.980516518922286],[85.18922208103425,27.00725851916536],[85.18499001807493,27.018327955870518],[85.20041158082984,27.027563643447422],[85.17946701788861,27.03728745695065],[85.2032457061245,27.0401638944482],[85.1986730806982,27.050225769403767],[85.18536620628544,27.049469769614234],[85.20271426794915,27.065473706346495],[85.19647989323255,27.07717426927718],[85.20468039278597,27.083343081617954],[85.1994167678696,27.107186019219455],[85.23346858001099,27.133895081792616],[85.23404420547575,27.145144581657178],[85.24833576828115,27.158224519346163],[85.26497914277326,27.221631018756568],[85.30035233059562,27.230844394153507]]]}},{"type":"Feature","properties":{"id":2,"name":"Saptari","province":"Province No 2"},"geometry":{"type":"Polygon","coordinates":[[[86.56656670618861,26.789238768654286],[86.56898826929324,26.780607394016045],[86.58026639367921,26.784076018893188],[86.57962101859516,26.775397018857404],[86.55557208138652,26.74561158150931],[86.57631845713115,26.739216331568514],[86.57447376954889,26.721989643307438],[86.5887935818584,26.696101893787443],[86.6042903315336,26.69951526881465],[86.61309689500575,26.68867326795703],[86.61869920730265,26.694752331554923],[86.629801769636,26.689674644169543],[86.63618570700481,26.698176581184327],[86.659006269224,26.69115826923877],[86.66731520723107,26.70411820678987],[86.68723283252928,26.687732081570346],[86.70868176944816,26.70680220555738],[86.73936539389786,26.711962081085233],[86.75555652001742,26.685932019247332],[86.80237870701177,26.712300768465752],[86.81670239449994,26.707413768830406],[86.82634083176401,26.713968268920553],[86.83998502029249,26.709482081832675],[86.84288739423789,26.691424330968175],[86.85068414495737,26.690947518513212],[86.86809908290638,26.700278518938546],[86.87372514449987,26.71278395621465],[86.8873853949201,26.71173470639161],[86.91359908213201,26.73957458100216],[86.91113233259114,26.758924831216063],[86.92454945759147,26.76602108110808],[86.93495051995058,26.740357831149026],[86.95127226989939,26.731829268805768],[86.96953051921815,26.735327831214477],[86.99296845702872,26.69784808132397],[87.0124480198603,26.71051051864555],[87.01584095689469,26.67052901939877],[86.9812842078,26.624853269263042],[86.99185220681397,26.605621769129414],[86.98498277043853,26.58597339365724],[86.99478502011266,26.571735769490203],[86.96675808291923,26.54470876869476],[86.928914082419,26.526218206505064],[86.91867839459229,26.501069330984876],[86.89405308278361,26.48575626783753],[86.89638983262472,26.461738331159097],[86.87537489503546,26.453718705953577],[86.86337958290147,26.457232956136068],[86.84533158248661,26.43992251850949],[86.76869895699133,26.458970706233174],[86.74639408222117,26.43462883195508],[86.74944364460856,26.42817964427519],[86.73213158190703,26.422120206582292],[86.72254639440064,26.434539394377623],[86.7022150198074,26.437030706202165],[86.69576989436518,26.45084933173132],[86.63015139457127,26.466472143874398],[86.63185308185427,26.477519081340574],[86.62300064486391,26.484049831234756],[86.5668131438116,26.500701331101595],[86.54422564449794,26.53815476862775],[86.5011238943523,26.54161451899489],[86.48831483246363,26.549479144247186],[86.49879626903265,26.560294706835293],[86.49681464438038,26.578384831494816],[86.51532508158732,26.601723081255273],[86.50083939472233,26.65724551836604],[86.51248851912993,26.69801101869359],[86.50508433147678,26.72353389347444],[86.51314126955401,26.73653564410472],[86.53091476990079,26.74435870628929],[86.52253914446601,26.76024739310276],[86.5277212701206,26.785063768578084],[86.55006802002316,26.781516706630782],[86.56656670618861,26.789238768654286]]]}},{"type":"Feature","properties":{"id":2,"name":"Sarlahi","province":"Province No 2"},"geometry":{"type":"Polygon","coordinates":[[[85.73748789385127,27.190017644598697],[85.81811951850102,27.160492269602628],[85.79554333086008,27.136978644848625],[85.79983614392296,27.094399581575487],[85.78884776850975,27.09222726917318],[85.78317851787438,27.07209439384127],[85.75001508123108,27.03423970669718],[85.7329235179061,26.963392831813792],[85.70791533052812,26.91973314406937],[85.71199570573731,26.903910331696522],[85.6784770818519,26.86412545662455],[85.68272795593049,26.843176331422626],[85.64463489358553,26.852952018720714],[85.6366761434893,26.871948393803393],[85.62573920659918,26.873302331237653],[85.58744758114102,26.84690939385348],[85.58602714333807,26.85787220603754],[85.57759389294387,26.860770456591354],[85.5679686433383,26.840668831801224],[85.55990139273513,26.843734456080313],[85.55566558140151,26.83403426866664],[85.54525001837368,26.838101707128146],[85.52206051827835,26.81412958101538],[85.50001008150014,26.811770393988525],[85.49811151913138,26.79671783116305],[85.48205839308042,26.802069456540266],[85.4795165177731,26.791917893995674],[85.45425226822766,26.781004019320108],[85.40995508076242,26.790951081427295],[85.3774822685919,26.760376456608242],[85.36384214320043,26.76280989346185],[85.33675276902511,26.74123958134163],[85.32839589265637,26.74434395650843],[85.33545833073742,26.75998895672501],[85.3535022050628,26.76139270580876],[85.34804345514141,26.77509814446387],[85.33195576814427,26.776811706395165],[85.34341258062614,26.78651433187099],[85.3240761430996,26.804048081054134],[85.33783751868657,26.833445643501705],[85.35492314288877,26.840898206587042],[85.34470895605352,26.858913519343503],[85.39265945586925,26.880347018500174],[85.39775826832948,26.89207239372604],[85.38837864246045,26.918981331523298],[85.4009582684094,26.940190394071465],[85.40359101841085,26.983496456696173],[85.38835426903432,27.00866745643799],[85.43607158093874,27.066941893653507],[85.43616739291093,27.088397768842015],[85.49050958045285,27.138569456515256],[85.49178089357343,27.15430195627033],[85.50293145542241,27.143343707246345],[85.52304014348789,27.140578581536374],[85.53892176792533,27.148546770017447],[85.54905464345711,27.14033095680827],[85.55582339263555,27.14649258176729],[85.57119051852766,27.143191081503232],[85.57335639268342,27.13676026877141],[85.58298020607174,27.143637707314383],[85.63204826911237,27.13711433096165],[85.70064820585009,27.18575289488024],[85.72594639401092,27.194931269562517],[85.73748789385127,27.190017644598697]]]}},{"type":"Feature","properties":{"id":2,"name":"Siraha","province":"Province No 2"},"geometry":{"type":"Polygon","coordinates":[[[86.16311326896226,26.914049268658857],[86.24921970722374,26.86349795646555],[86.28989195684841,26.88635783164864],[86.3684128933404,26.872213643444923],[86.38525551982644,26.908170769165736],[86.4061550815918,26.909417894120566],[86.45430083141827,26.888392769011148],[86.48194045758612,26.888205706428266],[86.48233326976464,26.870702144788197],[86.50715339451358,26.855727581063093],[86.5149177696394,26.84009295722427],[86.52014364461354,26.84293164477964],[86.52202439411053,26.831205456566636],[86.55441320690403,26.83488126815604],[86.55586458138538,26.814519080990863],[86.5256268938661,26.77947820705367],[86.52253914446601,26.76024739310276],[86.53091476990079,26.74435870628929],[86.51314126955401,26.73653564410472],[86.50494433131587,26.723073018804826],[86.51248851912993,26.69801101869359],[86.50083939472233,26.65724551836604],[86.51532508158732,26.601723081255273],[86.49681464438038,26.578384831494816],[86.49879626903265,26.560294706835293],[86.48831483246363,26.549479144247186],[86.45786614420723,26.56777951870987],[86.39734414381724,26.584814019151736],[86.39927414378678,26.593224019373054],[86.34327220704677,26.605697831090083],[86.34718333164551,26.616433018569012],[86.33565001923307,26.618636394454086],[86.25450920653469,26.616760768394784],[86.23676708083616,26.590468706165893],[86.21962983195124,26.58811908073102],[86.19799014343045,26.59405576815925],[86.19459545721463,26.6143783311951],[86.17389408174654,26.616814206110746],[86.14888070617968,26.608420893709308],[86.15761901920246,26.625555831336612],[86.15338008182539,26.637452519318344],[86.16831189357907,26.63899395640601],[86.17242758156772,26.65191026874396],[86.19884758225015,26.666400456715735],[86.20252220583518,26.68444283187125],[86.17734726886141,26.747367769507036],[86.15961458154777,26.754426268557495],[86.146861269532,26.78684526889407],[86.15473814444988,26.80123551880422],[86.15750445726496,26.8445922060655],[86.14217876853542,26.863728394250018],[86.13485045578398,26.914648393408697],[86.15858608088297,26.935019706894025],[86.16311326896226,26.914049268658857]]]}},{"type":"Feature","properties":{"id":3,"name":"Bhaktapur","province":"Bagmati Pradesh"},"geometry":{"type":"Polygon","coordinates":[[[85.52228170203898,27.72842802363442],[85.52741608088746,27.72537620754599],[85.52357407997988,27.694055394540896],[85.50546333026853,27.689276895412434],[85.49592058087018,27.65246833204793],[85.47946114381676,27.64484126900942],[85.46561508087132,27.62527489462076],[85.45631301883083,27.63685177019312],[85.42044670575092,27.619847395241152],[85.36311114366441,27.661059769592725],[85.36328145547486,27.668864207717036],[85.35428695527884,27.667713769774707],[85.35952651883383,27.6825235201444],[85.3871192687393,27.69242489489301],[85.42372770596893,27.723649520009417],[85.44158420654594,27.7277895193709],[85.4773132057399,27.715496269936978],[85.52228170203898,27.72842802363442]]]}},{"type":"Feature","properties":{"id":3,"name":"Chitawan","province":"Bagmati Pradesh"},"geometry":{"type":"Polygon","coordinates":[[[84.6224650800994,27.88031139525475],[84.66615164228455,27.840357582536456],[84.66556345508945,27.823410831644594],[84.6350163917931,27.81971439500336],[84.6204773301647,27.809044769900254],[84.64774870553839,27.799842332957326],[84.63931395507501,27.794283582021762],[84.64004076736757,27.782777332008322],[84.67695595525316,27.77836851989133],[84.67075695536926,27.765675207045206],[84.68365457979507,27.758039707466594],[84.67231957958501,27.737801581777603],[84.67680401839078,27.73043301986803],[84.69482001822934,27.721027207539635],[84.7596640803331,27.735438457518853],[84.7988522048654,27.70849376987161],[84.78825320532121,27.691724457018154],[84.79430407966959,27.686554457822012],[84.77216520446069,27.667841332311696],[84.76971932998316,27.65651451952948],[84.74618526813566,27.64705364530954],[84.7480280176789,27.65542833185208],[84.73375951798744,27.655676081585966],[84.71981445497318,27.638973019988953],[84.74047495535496,27.60335789475107],[84.73313370495657,27.581812269021043],[84.71194014222385,27.561752457310092],[84.69265876748818,27.563799457279174],[84.68216295525622,27.55131702016439],[84.68283420473483,27.513069581995637],[84.69895601830564,27.475149144517445],[84.68826720436806,27.462485082120907],[84.69418207963935,27.459226707046923],[84.66993158007841,27.444430332294075],[84.66694295485354,27.429249644855304],[84.64892226684918,27.429027831569215],[84.64513401752095,27.442642894653943],[84.63043370475174,27.450605582881394],[84.57800358020114,27.453712207252636],[84.56379764274709,27.46276695662982],[84.55049858074494,27.417758081670172],[84.53462551695412,27.414150831695565],[84.54837720504406,27.407948519608567],[84.53686870492686,27.401526144316165],[84.54180814223201,27.38564383189737],[84.50621708015416,27.380903394775885],[84.48993807947886,27.371147893660407],[84.48802333021257,27.35831270646628],[84.47811201795531,27.36225083231011],[84.47297601762915,27.35476533245418],[84.44332239211474,27.369988145036928],[84.3939677672987,27.36795633191923],[84.3749703301167,27.376418831863646],[84.3347132669038,27.37718233199905],[84.30268114232092,27.390210269088698],[84.29397239181247,27.384731957114184],[84.2785245796457,27.39543258184824],[84.28028226771255,27.415442331898134],[84.2563682674816,27.45186820675241],[84.23379970519233,27.456093832364502],[84.22165020429355,27.440200582391014],[84.2106589546471,27.442395206973288],[84.20793001765622,27.4694731444701],[84.15101483017031,27.485741644661232],[84.14652382901158,27.496715394399985],[84.15320257943557,27.516245144797665],[84.14791232919072,27.518622519713574],[84.12627914276828,27.51086783208484],[84.11074401722266,27.52155214491563],[84.0999509547728,27.517031520088608],[84.09756064220994,27.48939301987201],[84.07284376682645,27.481550894758016],[84.05416976722103,27.44255070694959],[84.03379907966388,27.44143333168296],[84.02929476674018,27.433439394712366],[83.99825501705544,27.445966331181296],[83.97964726690788,27.43911845785061],[83.96817870478344,27.446400457315292],[83.94801432979756,27.440962894521988],[83.9332849545371,27.449373519772166],[83.94666576761114,27.465588019271706],[83.94081682883365,27.49133045633556],[83.96559895452816,27.503627831858978],[83.97156601655848,27.515171269738346],[83.95510726748648,27.527343144870315],[83.94399201661832,27.515533019333418],[83.92770651744189,27.514530331909327],[83.92089626634964,27.531376081740802],[83.9256265798029,27.54387076942055],[83.9505402052663,27.53997801976982],[83.97247726721218,27.550350581714042],[84.03325076750895,27.537011082595427],[84.0526807669039,27.556291457285],[84.11680064273554,27.553093270238264],[84.1373584549288,27.584338269495618],[84.20877989137892,27.638556081697857],[84.26002639210435,27.6508958314775],[84.34762939218274,27.702597582512453],[84.38024045443348,27.681075769930885],[84.42938076720867,27.703171519949763],[84.42417358014666,27.741093207485562],[84.43918614292619,27.742605520028803],[84.45269564268983,27.759112707485485],[84.47413751723269,27.754160269580836],[84.46273351743793,27.773491144800516],[84.43340814177236,27.78665070756415],[84.43555914294018,27.813876394679937],[84.46829026738197,27.824173457639006],[84.51924370513296,27.815922457555416],[84.52410789256527,27.8320957699039],[84.55732676791604,27.835580332566337],[84.56093920428088,27.857732144522913],[84.57848020559709,27.863372769737566],[84.58269232968735,27.874162957054864],[84.59288901751421,27.8796046450384],[84.61072258088245,27.871392707907205],[84.6224650800994,27.88031139525475]]]}},{"type":"Feature","properties":{"id":3,"name":"Dhading","province":"Bagmati Pradesh"},"geometry":{"type":"Polygon","coordinates":[[[85.11067701842973,28.345213020364667],[85.14262033046396,28.330271583167075],[85.16208395551018,28.331724832734892],[85.1795233307372,28.3056807702514],[85.18285645566095,28.28072983281561],[85.20481858081291,28.250016457893253],[85.1897468939041,28.22310333195327],[85.20662633054076,28.20382445823219],[85.20228539295658,28.176571520759126],[85.15844258076055,28.142465644973583],[85.1605033304644,28.129442020133183],[85.15187820521504,28.117058958104508],[85.12655858081393,28.105648270051688],[85.11713795485281,28.076619457521986],[85.0644680800379,28.06674333303846],[85.0349657052032,28.031748332619486],[84.99153264211782,28.02848583235533],[85.00536220520166,28.000000520607614],[85.03390758087022,27.989320270014503],[85.03079851753762,27.97143189476617],[85.01009808006239,27.95050139542309],[85.01860976752681,27.94391158255354],[84.9911490803658,27.885480020286764],[84.99705339220037,27.87490326996999],[84.99123001755135,27.858244707727124],[85.0087272677493,27.850270769880183],[85.01575520513865,27.832566582981485],[85.02513795525249,27.832770206579823],[85.01464270509683,27.809274769714875],[85.04372633040589,27.817040581957315],[85.05479189283164,27.79705439504437],[85.11721326767821,27.774216144959155],[85.12681083075529,27.760483706857656],[85.1809051435576,27.77186820755179],[85.2548707054188,27.775426457065407],[85.27240483051855,27.759410082709223],[85.269416206193,27.74545402008698],[85.25333733075325,27.748698457467867],[85.21588739248921,27.736876519335965],[85.22378533132803,27.72770326989007],[85.19944208018791,27.71608502010764],[85.19092514248138,27.681158394244562],[85.15199633116583,27.66934239523539],[85.12247564343625,27.683322832183023],[85.11768514285512,27.69612951986153],[85.09101183103121,27.71201170727454],[85.04488064262762,27.689956269366405],[85.04081695523837,27.70554145747235],[85.03301476721776,27.697504457364857],[85.01354945594272,27.70752845737246],[84.99234957996919,27.707623395203598],[84.95370026805301,27.683233894628586],[84.90945708038004,27.698332706888948],[84.88204251764813,27.668525832401315],[84.83103195496079,27.69221902029159],[84.802296893387,27.67118783195292],[84.78825320532121,27.691724457018154],[84.79865733077128,27.70898001981209],[84.7596640803331,27.735438457518853],[84.69482001822934,27.721027207539635],[84.67680401839078,27.73043301986803],[84.67231957958501,27.737801581777603],[84.68365457979507,27.758039707466594],[84.67075695536926,27.765675207045206],[84.67695595525316,27.77836851989133],[84.64004076736757,27.782777332008322],[84.63931395507501,27.794283582021762],[84.64774870553839,27.799842332957326],[84.6204773301647,27.809044769900254],[84.62387076722217,27.815126144755823],[84.66786157994801,27.82506945758945],[84.68679639193999,27.810290081821847],[84.73301507988208,27.795363832375017],[84.76482064275854,27.817998270004182],[84.77526370525584,27.80841164448185],[84.7845630801221,27.813632145107476],[84.76727376757037,27.85907420730888],[84.75821145579408,27.861538520586294],[84.75141901757365,27.88587826976641],[84.73794108041659,27.892645519774987],[84.73418657994677,27.925607395864688],[84.74806001825527,27.959868769827892],[84.77690389330007,27.971166208054115],[84.77381283079757,27.97712889488264],[84.78625058059987,27.983073519727213],[84.79233807983854,27.997767395149197],[84.81351751691994,28.002720270124428],[84.81168951805688,28.037768145283735],[84.8459327679829,28.11610664440616],[84.87156657953409,28.120255458022996],[84.89465058105952,28.099753770719985],[84.90263270543505,28.106474520382847],[84.92033983041887,28.103204957742662],[84.9310234552683,28.12610514503649],[84.95912251808977,28.126545395553592],[84.95945539315193,28.155335957888212],[84.97606764210803,28.190071270972453],[84.96694601824419,28.217157520003582],[84.99382170540741,28.24450064508875],[85.00088564355764,28.241040145586283],[85.00396620557598,28.253049332460762],[85.0301661421538,28.262201270672165],[85.04021739251868,28.291688645714487],[85.03494264298865,28.3026435834347],[85.04888376787164,28.325668521085447],[85.08278051800659,28.345685519671065],[85.11067701842973,28.345213020364667]]]}},{"type":"Feature","properties":{"id":3,"name":"Dolakha","province":"Bagmati Pradesh"},"geometry":{"type":"Polygon","coordinates":[[[86.19956495615787,28.138039332948892],[86.22222095683173,28.111420145023715],[86.22489645610665,28.095531208198736],[86.21012001932348,28.094104520107578],[86.20655151933721,28.083775270412445],[86.22720108126492,28.03282564488768],[86.2224491445125,28.009803082346423],[86.23557083142879,27.973961707466856],[86.29116364408696,27.978144644959457],[86.30643595625446,27.95533920753843],[86.32115776911581,27.947626145030597],[86.33772339451912,27.964841144803017],[86.3503352692573,27.937318019511054],[86.38371164467674,27.937613582600818],[86.4131536435259,27.906325145189328],[86.4448589571752,27.905463707084493],[86.47228814378286,27.9297865202318],[86.47179039421138,27.945944456871246],[86.51798226886666,27.956364457154052],[86.52457126964845,27.939746895003225],[86.53613908185321,27.941857645214213],[86.55113489475963,27.92861295712231],[86.55651826980238,27.856880332761193],[86.54054145662298,27.807178708130948],[86.51307714429481,27.806143707166427],[86.50093626969317,27.813501270367397],[86.48907789462919,27.80862027010943],[86.48132920727716,27.820723894791968],[86.45835708231357,27.823235020479842],[86.45238414411301,27.8322595193614],[86.42212270729715,27.813270707577146],[86.41313058221067,27.79042777022545],[86.42454408154418,27.785450770037073],[86.41271476897145,27.760492958183534],[86.41292714387265,27.746323831779478],[86.42950001961026,27.736769707755855],[86.42300039435275,27.715352144585836],[86.41145695737276,27.718728769717018],[86.37816345717789,27.69210901971553],[86.35428789397116,27.693687644669126],[86.34163470617682,27.683052332299326],[86.33254420694965,27.661083519788633],[86.31407833115014,27.64575601982449],[86.30540158121806,27.615511082870228],[86.29121358164156,27.603135207323987],[86.19427408178353,27.57169633222003],[86.15693426910127,27.535851145114293],[86.14415551886219,27.49547870697677],[86.11632889396333,27.47383533213491],[86.0958748311586,27.49999976887426],[85.99699339373018,27.50326620726969],[85.98940095638909,27.5098832066447],[85.99999995593328,27.545715707014324],[85.95458433110207,27.588794769063384],[85.88672295629948,27.61381026972822],[85.91295389340752,27.636819894622477],[85.92057514412767,27.663259520310646],[85.94148126824598,27.668928270023684],[85.93866564380448,27.708700144496106],[85.96337201870375,27.74192777025047],[85.97958458196297,27.735101270207508],[86.00695551948172,27.74496858223432],[86.03263870651114,27.742036894886837],[86.03643839431652,27.75636139446283],[86.02213345589433,27.772201332625457],[86.02844445644655,27.784772645241446],[86.02491276840959,27.80049633164043],[86.00485570592616,27.829937020177397],[86.04483495686782,27.867566956849657],[86.05014326909662,27.885865520077743],[86.071772956257,27.90541870680795],[86.0688555186673,27.910843269901022],[86.12634326852708,27.927390270344745],[86.12602576827464,27.941354394489792],[86.10950026882239,27.955622958033132],[86.10594489354207,27.98396958263021],[86.0817460807171,28.020123770495672],[86.09283170611837,28.03295395835852],[86.08986933120474,28.049113458019747],[86.09721420587096,28.06162739568782],[86.0851393307156,28.090695082312266],[86.09449339425481,28.097588832758504],[86.1202150183085,28.091161332229774],[86.13256314347433,28.09990151943964],[86.14438289355576,28.125845207690247],[86.18047720635803,28.14333676967624],[86.17966839388134,28.170491958037474],[86.1917597688983,28.172723019551768],[86.19956495615787,28.138039332948892]]]}},{"type":"Feature","properties":{"id":3,"name":"Kabhrepalanchok","province":"Bagmati Pradesh"},"geometry":{"type":"Polygon","coordinates":[[[85.55204145564869,27.755729394995626],[85.56969801804917,27.744529144704302],[85.60621776773587,27.74853652014434],[85.61689570617199,27.732178895339814],[85.66810576906607,27.71216658222204],[85.68208914409877,27.699900770204408],[85.70831333089558,27.641440769575922],[85.70759601904109,27.65612164439841],[85.72700976858602,27.662101832033954],[85.73702664326504,27.676409582636154],[85.79430245619346,27.664743207433105],[85.81490414361139,27.668781270439354],[85.82419020671273,27.65537958230192],[85.81970645588831,27.643810020016474],[85.84455726910272,27.62583864543717],[85.8693150186732,27.628750143904085],[85.88331308143364,27.614290519392],[85.84884639404589,27.57876645770591],[85.82897370607174,27.575631082008897],[85.83088195683689,27.54644695746117],[85.8212127681548,27.51757564410076],[85.79982508136248,27.50000164396073],[85.81629601804684,27.473685894488483],[85.81158289333592,27.45486689449166],[85.82382720616067,27.450740331900874],[85.80540926872283,27.43842239427812],[85.7931142683089,27.44306583232236],[85.7757973933351,27.397922832472773],[85.7294883936745,27.411745519340286],[85.7167093304713,27.40615489463272],[85.69864145593851,27.372405832063578],[85.70641226931082,27.34560176960605],[85.69156114383179,27.336788206710423],[85.68140695616614,27.344867018997775],[85.65293420614876,27.333323269053665],[85.6374805178117,27.353328081825566],[85.62520451827396,27.344552956853533],[85.56231658054583,27.339084832399124],[85.5354771432556,27.356431019875743],[85.51653695601578,27.35006276938134],[85.5061208309117,27.356790019343975],[85.51253076858018,27.364601518944994],[85.5039020802169,27.372302018823177],[85.48949564340927,27.376183144736387],[85.47487489366148,27.369845332696002],[85.48121889393684,27.375921581415923],[85.47202589358017,27.388206456362923],[85.46500939286926,27.38562939508057],[85.46086564333484,27.394787581781543],[85.45078514252037,27.387400144900823],[85.43500770634063,27.409759331527994],[85.42191101787921,27.402434643943707],[85.41169564393886,27.416666519644195],[85.41351545627333,27.438264269180706],[85.42053414323618,27.44324889472074],[85.40895408046651,27.447220019388453],[85.44374808060951,27.475845957225204],[85.4450648931304,27.515713581616524],[85.43920983086906,27.541313457250283],[85.40590301800995,27.544948269646966],[85.38961908095587,27.561807395095286],[85.40399420606781,27.573178081303467],[85.40478714371176,27.601822644099798],[85.41932789336767,27.60625008207569],[85.4181939561862,27.597255331868098],[85.42770014364675,27.593205207154654],[85.43793326840569,27.608043894110494],[85.4227413304481,27.61992314423776],[85.45631301883083,27.63685177019312],[85.46561508087132,27.62527489462076],[85.47946114381676,27.64484126900942],[85.4957014556577,27.65214583246427],[85.50546333026853,27.689276895412434],[85.52357407997988,27.694055394540896],[85.52745876810769,27.73630489405565],[85.54054865319785,27.75450988732149],[85.55204145564869,27.755729394995626]]]}},{"type":"Feature","properties":{"id":3,"name":"Kathmandu","province":"Bagmati Pradesh"},"geometry":{"type":"Polygon","coordinates":[[[85.45277914274328,27.813396895050744],[85.46996751898587,27.796989769762092],[85.47531739338308,27.77777245733307],[85.53576945619551,27.79165883238926],[85.56793483062796,27.764255770187674],[85.56646489324027,27.7548306449184],[85.54054865319785,27.75450988732149],[85.52741608088746,27.72537620754599],[85.4773132057399,27.715496269936978],[85.44158420654594,27.7277895193709],[85.42372770596893,27.723649520009417],[85.3871192687393,27.69242489489301],[85.35952651883383,27.6825235201444],[85.35428695527884,27.667713769774707],[85.30591714296185,27.69218564465183],[85.29392426799063,27.67262689561477],[85.29916114347208,27.660509894416123],[85.28460208092133,27.643647644723103],[85.29744390781013,27.62649414778673],[85.29406538331085,27.597249766863285],[85.28218201878519,27.595171582902253],[85.28739658118735,27.585706031308348],[85.26888164197425,27.57039227388441],[85.24415047276614,27.578417952426605],[85.23809825573,27.61933170059757],[85.22412425612958,27.628636138646925],[85.23543963403193,27.649540843635066],[85.19087620587226,27.680678269586508],[85.19944208018791,27.71608502010764],[85.22378533132803,27.72770326989007],[85.21576208005598,27.73677833225429],[85.25333733075325,27.748698457467867],[85.269416206193,27.74545402008698],[85.27180189264328,27.76056401991366],[85.25381926844454,27.77476364502627],[85.27059108051401,27.78187295757101],[85.29972351832578,27.811982707535947],[85.45277914274328,27.813396895050744]]]}},{"type":"Feature","properties":{"id":3,"name":"Lalitpur","province":"Bagmati Pradesh"},"geometry":{"type":"Polygon","coordinates":[[[85.323256643979,27.686793582158145],[85.3499700188014,27.668944893991693],[85.36328145547486,27.668864207717036],[85.36311114366441,27.661059769592725],[85.43793326840569,27.608043894110494],[85.42645983105643,27.592757707202452],[85.41753308038739,27.59844426978725],[85.41932789336767,27.60625008207569],[85.40478714371176,27.601822644099798],[85.40399420606781,27.573178081303467],[85.38917620621697,27.562777456914148],[85.40590301800995,27.544948269646966],[85.43920983086906,27.541313457250283],[85.4428006430353,27.531556956988027],[85.44567039317417,27.479900519193677],[85.40895408046651,27.447220019388453],[85.42043608116029,27.443935706967352],[85.41274089357745,27.432843832177184],[85.41169564393886,27.416666519644195],[85.42086370519587,27.409396518934273],[85.41641370592782,27.40460245703781],[85.38652751843028,27.407973394856356],[85.37102445641358,27.424059769742655],[85.33142926814628,27.437976269389367],[85.31809714346844,27.435799457678854],[85.31555508110216,27.444647457414305],[85.29715358057337,27.45196545674048],[85.26576858115516,27.454720206972013],[85.24950070599283,27.4767389570373],[85.25000014359182,27.496325269395697],[85.23624370528285,27.50468564502654],[85.25338695534379,27.52792014449915],[85.23380064298533,27.53693964404937],[85.24921151819706,27.550129394356134],[85.25629889447845,27.56907626985401],[85.28713007879014,27.585327213480184],[85.28218201878519,27.595171582902253],[85.29673051789916,27.603941519685463],[85.29531370526337,27.633715707414012],[85.28460208092133,27.643647644723103],[85.29916114347208,27.660509894416123],[85.29392426799063,27.67262689561477],[85.30591714296185,27.69218564465183],[85.323256643979,27.686793582158145]]]}},{"type":"Feature","properties":{"id":3,"name":"Makawanpur","province":"Bagmati Pradesh"},"geometry":{"type":"Polygon","coordinates":[[[85.09268108066738,27.711671394819064],[85.14377064250118,27.671098207316447],[85.19075151846783,27.681211769907293],[85.23539426773135,27.649615707698786],[85.22489346785932,27.62593995946162],[85.23899864976795,27.61695917842337],[85.2419870177867,27.58085370683318],[85.2653008932217,27.570612269640606],[85.25578770633763,27.568546144688867],[85.24921151819706,27.550129394356134],[85.23380064298533,27.53693964404937],[85.25338695534379,27.52792014449915],[85.23624370528285,27.50468564502654],[85.25000014359182,27.496325269395697],[85.24664089246329,27.486574707356908],[85.26102551891262,27.45805283187275],[85.37102445641358,27.424059769742655],[85.38712895623638,27.40775308163944],[85.39704864387988,27.410911957520852],[85.40818676810494,27.402752145095462],[85.42024526840447,27.408331206320156],[85.42221158119958,27.402363895177643],[85.43470345579988,27.409985832080565],[85.45035333034195,27.387623519409942],[85.46127383032308,27.39467951924445],[85.48067989336243,27.377247144340288],[85.46941695492859,27.35790020722885],[85.4501566432146,27.350146394640433],[85.44855764322074,27.336393644451164],[85.42751664327852,27.33235964458197],[85.4204168941244,27.32086683223855],[85.4395187686763,27.28386414391514],[85.48286020613364,27.2679092696971],[85.49098558081994,27.249857144092005],[85.49034139284106,27.220071331726615],[85.50639439388624,27.221397019656763],[85.50371664270898,27.207890144114913],[85.51266370546568,27.197753582262067],[85.49066401832982,27.197905519124447],[85.49471951829122,27.186829644172803],[85.48273414366588,27.180280832294613],[85.49744695611219,27.17336951898818],[85.49131189352914,27.165610394104476],[85.45840014295231,27.166276831310768],[85.45035945562444,27.18648101928369],[85.4010745183744,27.19646739435484],[85.39573551857939,27.210118894371533],[85.36189608133913,27.210501582881818],[85.35099289420674,27.22188158156979],[85.30963364437724,27.23153858174021],[85.26414470591351,27.226358707988027],[85.24468101791473,27.248500395376993],[85.23402626849753,27.243100582525926],[85.18136508203298,27.248164457223993],[85.18318201923483,27.25429308156049],[85.15821389305677,27.26184401968584],[85.14700133104662,27.282694581889473],[85.12861114308981,27.292625457099234],[85.11937376838478,27.317194519011878],[85.10628889341774,27.319776206406857],[85.0971130800047,27.332186207627444],[85.08732789316781,27.361455206592552],[85.05838345503247,27.365389332251937],[85.02676645570745,27.35841864390534],[85.02369895544251,27.351814207159975],[85.00617889304152,27.35258458171313],[85.00108058060437,27.365306582033213],[84.97410989265745,27.354863019512777],[84.95398495564126,27.366728456952785],[84.94714751804361,27.359958456817367],[84.92842651717007,27.363949394449037],[84.91064633036393,27.37698214381095],[84.90300689265405,27.374703206887546],[84.87891276721052,27.397389520110323],[84.85407558052367,27.3982951446053],[84.84257920506633,27.414532269248866],[84.81230264255299,27.415709269567174],[84.79311826779389,27.437483645054215],[84.75748451759648,27.435452581971106],[84.7282390179164,27.444413082397887],[84.72109764274205,27.430990520096486],[84.66694295485354,27.429249644855304],[84.66993158007841,27.444430332294075],[84.69418207963935,27.459226707046923],[84.68826720436806,27.462485082120907],[84.69895601830564,27.475149144517445],[84.68283420473483,27.513069581995637],[84.68216295525622,27.55131702016439],[84.69265876748818,27.563799457279174],[84.71194014222385,27.561752457310092],[84.73313370495657,27.581812269021043],[84.74047495535496,27.60335789475107],[84.73383101768735,27.623962332295832],[84.71952983033748,27.637194206847198],[84.73375951798744,27.655676081585966],[84.7480280176789,27.65542833185208],[84.74618526813566,27.64705364530954],[84.7693924551977,27.65633133212532],[84.77216520446069,27.667841332311696],[84.79437108096067,27.686709769840036],[84.802296893387,27.67118783195292],[84.83156626826872,27.69223383212568],[84.88204251764813,27.668525832401315],[84.90945708038004,27.698332706888948],[84.95370026805301,27.683233894628586],[84.99234957996919,27.707623395203598],[85.01570233039831,27.70710433259893],[85.03301476721776,27.697504457364857],[85.04081695523837,27.70554145747235],[85.04488064262762,27.689956269366405],[85.09268108066738,27.711671394819064]]]}},{"type":"Feature","properties":{"id":3,"name":"Nuwakot","province":"Bagmati Pradesh"},"geometry":{"type":"Polygon","coordinates":[[[85.13740101784276,28.083920645821195],[85.15681295525371,28.088225394686276],[85.17274495521559,28.082495082781918],[85.13527695496754,28.037947707520743],[85.1459703932191,28.027340957619174],[85.18940333039944,28.01892664514861],[85.18576401779524,27.973019520134812],[85.25772895592661,27.97439283256324],[85.27842470613535,27.964916082611182],[85.29217564329139,27.982933082495833],[85.33187939321948,27.988325269995244],[85.34430070611273,28.009724520270424],[85.40572833009844,28.038920457413212],[85.40710033041597,28.05470720697207],[85.42783589361164,28.061667082769702],[85.43513445499116,28.080520644612136],[85.44407289324948,28.08236470806486],[85.47250045593137,28.063543707076462],[85.49670845533103,28.037420019518322],[85.4993859555974,28.020144332594953],[85.4895106432017,27.992289395239425],[85.49419720643601,27.97168245757939],[85.48075989255506,27.959171833013727],[85.48981526875968,27.919592644584952],[85.47066283072513,27.88148976973713],[85.47246489314034,27.868961082288195],[85.45352839402022,27.85024770676631],[85.4495914552815,27.814969019704563],[85.42297758055093,27.809307957396356],[85.39402826809015,27.81700983233793],[85.37495951826719,27.808873957167464],[85.30225745531737,27.812536394039398],[85.26948920596215,27.781028020226984],[85.2491118310462,27.772315519545657],[85.1809051435576,27.77186820755179],[85.1270043306854,27.760428082889746],[85.11721326767821,27.774216144959155],[85.05479189283164,27.79705439504437],[85.04372633040589,27.817040581957315],[85.01464270509683,27.809274769714875],[85.02513795525249,27.832770206579823],[85.01575520513865,27.832566582981485],[85.0087272677493,27.850270769880183],[84.99135995609714,27.857950457647576],[84.99705339220037,27.87490326996999],[84.99105489256931,27.885176144763307],[85.01860976752681,27.94391158255354],[85.01026314342937,27.950962708062605],[85.03079851753762,27.97143189476617],[85.03390758087022,27.989320270014503],[85.00536220520166,28.000000520607614],[84.99153264211782,28.02848583235533],[85.0349657052032,28.031748332619486],[85.0644680800379,28.06674333303846],[85.11713795485281,28.076619457521986],[85.12471158017536,28.091032707593456],[85.13740101784276,28.083920645821195]]]}},{"type":"Feature","properties":{"id":3,"name":"Ramechhap","province":"Bagmati Pradesh"},"geometry":{"type":"Polygon","coordinates":[[[86.46038914454346,27.822843645417947],[86.47283464470314,27.82588814462224],[86.48907789462919,27.80862027010943],[86.54879270671807,27.81119295708936],[86.56949914447,27.80373620765988],[86.56640201963756,27.769339019879908],[86.57517845761976,27.754322832832543],[86.56530164425556,27.749070769600394],[86.55337439461266,27.710599269840486],[86.542666144527,27.70133558187166],[86.54079926887124,27.670811207571205],[86.52862520748738,27.650130769219686],[86.5095821441007,27.640316956962067],[86.49490026923212,27.61346226896859],[86.43718564380248,27.61000227038852],[86.41584545740199,27.58651939525396],[86.37902614444107,27.568129957331735],[86.35732770680829,27.524567894592735],[86.34065676899473,27.519789707529014],[86.29443933111031,27.470106519900014],[86.26584983200422,27.45552208207846],[86.2506316437354,27.42032414424392],[86.23007858176118,27.397598143939263],[86.21948633162896,27.352773644388208],[86.22133689448214,27.32280920687947],[86.23138108157173,27.319493644815907],[86.24296714371877,27.288473894254878],[86.21617351879291,27.26861376891037],[86.20747876893012,27.25008645772391],[86.16032920712729,27.25242464378232],[86.15305601832063,27.241874706752355],[86.11504514411814,27.272264207027604],[86.09787595671008,27.267447582040347],[86.08006183128856,27.275175019311746],[86.07655708154414,27.29126726946896],[86.057220581065,27.288006394279705],[86.03316489354506,27.308989206286867],[86.02383214393836,27.308669393877494],[86.02083664339642,27.320056768804875],[85.99999983092749,27.337175081564794],[85.9855297688838,27.335730456495412],[85.97971408074028,27.370291706696946],[85.96828745580149,27.38421295656275],[85.95802789367241,27.38899464468716],[85.94762839433497,27.38015745660141],[85.92022258110728,27.40875239480721],[85.85452995649234,27.424809707202257],[85.83228908107628,27.43734601910353],[85.83119976825475,27.447839832142563],[85.81158289333592,27.45486689449166],[85.81629601804684,27.473685894488483],[85.79982508136248,27.50000164396073],[85.8212127681548,27.51757564410076],[85.83088195683689,27.54644695746117],[85.82897370607174,27.575631082008897],[85.84884639404589,27.57876645770591],[85.8828878936614,27.61437958285154],[85.95458433110207,27.588794769063384],[85.99999995593328,27.545715707014324],[85.98940095638909,27.5098832066447],[85.99699339373018,27.50326620726969],[86.0958748311586,27.49999976887426],[86.1185312698023,27.474099769688678],[86.1442621442826,27.495632769836504],[86.1605685194217,27.54103120682481],[86.19427408178353,27.57169633222003],[86.29121358164156,27.603135207323987],[86.30540158121806,27.615511082870228],[86.31407833115014,27.64575601982449],[86.33254420694965,27.661083519788633],[86.34163470617682,27.683052332299326],[86.35428789397116,27.693687644669126],[86.37816345717789,27.69210901971553],[86.41145695737276,27.718728769717018],[86.42300039435275,27.715352144585836],[86.42950001961026,27.736769707755855],[86.41292714387265,27.746323831779478],[86.41271476897145,27.760492958183534],[86.42458983185531,27.78622495681634],[86.41313058221067,27.79042777022545],[86.42212270729715,27.813270707577146],[86.4410858317458,27.828089582468294],[86.45238414411301,27.8322595193614],[86.46038914454346,27.822843645417947]]]}},{"type":"Feature","properties":{"id":3,"name":"Rasuwa","province":"Bagmati Pradesh"},"geometry":{"type":"Polygon","coordinates":[[[85.71432526909592,28.38566995790228],[85.72664126867966,28.37316358353263],[85.72225176860428,28.359268833090198],[85.73458451806113,28.33914345720484],[85.72985139332718,28.328647707925427],[85.7395628303604,28.319059707339648],[85.73537483148334,28.29108308271816],[85.7511766428878,28.237951270234987],[85.77869776898689,28.208384457177033],[85.80254614388951,28.196022396116746],[85.7811036443178,28.17415283278706],[85.72155570593117,28.173864707989935],[85.71465595610755,28.161868144899017],[85.6539787057527,28.151424395319623],[85.62950226861489,28.12906214470229],[85.61725164344864,28.133904457924473],[85.61531276896915,28.150274332394588],[85.60391564359213,28.157896520208283],[85.58626283046533,28.153230707930902],[85.55847733066435,28.167697019801665],[85.53525245663565,28.167254332121786],[85.49261776849528,28.138493145242535],[85.4976225811173,28.122114895386176],[85.49152426843028,28.105562145576584],[85.44820114296846,28.090262083028733],[85.43024958045385,28.075644644584713],[85.42783589361164,28.061667082769702],[85.40734839311392,28.05505658279509],[85.40572833009844,28.038920457413212],[85.34430070611273,28.009724520270424],[85.33187939321948,27.988325269995244],[85.29217564329139,27.982933082495833],[85.2785530807601,27.964919457766825],[85.25772895592661,27.97439283256324],[85.18595889368805,27.972886958266542],[85.18940333039944,28.01892664514861],[85.1459703932191,28.027340957619174],[85.13540951773513,28.03768039573373],[85.17296833062403,28.081924645506035],[85.13151108077182,28.08591183296477],[85.12471158017536,28.091032707593456],[85.12634795599342,28.10533864516242],[85.15268170629577,28.11795014578263],[85.1605033304644,28.129442020133183],[85.15709639278435,28.140536770055917],[85.17643276825771,28.162190395370487],[85.1977132675533,28.168061208358154],[85.20663514299753,28.203249082778996],[85.1897468939041,28.22310333195327],[85.20367251897164,28.254026458454348],[85.18911445556773,28.267306395473838],[85.1816451435086,28.301662520209163],[85.16208395551018,28.331724832734892],[85.18410995590978,28.324090582314568],[85.20470114284353,28.340469271040092],[85.24370814301642,28.317624958625004],[85.25703083020869,28.294266457930746],[85.2727291431355,28.297195896073788],[85.27516608015054,28.287585333296533],[85.3058310184868,28.28970945732567],[85.34263764381228,28.303763395864053],[85.35046283109483,28.30150695817963],[85.35052983058728,28.288295644828224],[85.37991095522648,28.27837595808404],[85.41431251910751,28.308156020184242],[85.4176625809634,28.32693076993911],[85.46028464352156,28.33682433227716],[85.50881558107426,28.33380783256547],[85.56404820625977,28.30962195828681],[85.60289945644485,28.304153082898495],[85.60127164397124,28.27905083272981],[85.61098801918178,28.25666758294267],[85.66303189390686,28.30276102050476],[85.65606726789014,28.317265833251668],[85.66805814366847,28.347829332557694],[85.68850545616192,28.346748333069172],[85.68623220655115,28.382273020683385],[85.71432526909592,28.38566995790228]]]}},{"type":"Feature","properties":{"id":3,"name":"Sindhuli","province":"Bagmati Pradesh"},"geometry":{"type":"Polygon","coordinates":[[[85.82651801909134,27.448700832277666],[85.85452995649234,27.424809707202257],[85.92022258110728,27.40875239480721],[85.94762839433497,27.38015745660141],[85.95802789367241,27.38899464468716],[85.96828745580149,27.38421295656275],[85.97971408074028,27.370291706696946],[85.98583114429192,27.335446081871225],[85.99999983092749,27.337175081564794],[86.02083664339642,27.320056768804875],[86.02383214393836,27.308669393877494],[86.03316489354506,27.308989206286867],[86.057220581065,27.288006394279705],[86.07655708154414,27.29126726946896],[86.07851183175569,27.27655926929492],[86.09352908090244,27.26842814524275],[86.11472551966705,27.272361456116357],[86.13025970632043,27.26433339437068],[86.15068101941358,27.242453769425993],[86.15924326856208,27.252201582237262],[86.19375195698728,27.254884331846483],[86.2324823319941,27.237113331615035],[86.26832758115302,27.260817957083077],[86.26902833199199,27.25333451937263],[86.29729620655473,27.238123706443957],[86.34335839447436,27.228705082373722],[86.34594883227282,27.202548269187332],[86.381401394259,27.192972144149167],[86.39224208120714,27.17961564424661],[86.37028833144137,27.140311144743578],[86.34540433234412,27.147023394913788],[86.32858183178615,27.110633706980025],[86.30879758224268,27.108570019191063],[86.32545208224786,27.098792081789213],[86.34356120688426,27.106171082129777],[86.36499789413756,27.099220081741407],[86.34845226875723,27.065744769205764],[86.36566683145918,27.053748457025733],[86.36936095684274,27.037235456351254],[86.3849980187436,27.03115320645537],[86.35607989387205,26.964765519213415],[86.31739983233643,26.963112268516454],[86.28583176872121,26.948849956160586],[86.26204139469468,26.91879820707163],[86.25777376894433,26.932107831611177],[86.18992664389958,26.98211258173029],[86.10874089387721,27.014908643519107],[85.99399183175768,27.024517706227186],[85.97322376796257,27.050642018814187],[85.96433439311778,27.0795248318056],[85.94644883094884,27.09175720702956],[85.94027626843507,27.121247457204447],[85.88533420610878,27.146091519208312],[85.86477720690266,27.126851269570466],[85.8379608929809,27.14677458218125],[85.84585751880951,27.15961976893726],[85.83386439382679,27.166434144320363],[85.81129933169888,27.161373269760645],[85.72704664348788,27.194817143796172],[85.69718026805498,27.18378708120889],[85.63204826911237,27.13711433096165],[85.58298020607174,27.143637707314383],[85.57335639268342,27.13676026877141],[85.57119051852766,27.143191081503232],[85.55582339263555,27.14649258176729],[85.54905464345711,27.14033095680827],[85.53892176792533,27.148546770017447],[85.5303603938172,27.140093644606054],[85.49796583075852,27.14623326944985],[85.49178089357343,27.15430195627033],[85.50584151857129,27.162495894370068],[85.50563901822619,27.172822581896696],[85.49218508127655,27.17119195724308],[85.48273458073635,27.180504206803732],[85.49471951829122,27.186829644172803],[85.49093139306939,27.198232081845163],[85.5124705184997,27.19738833160625],[85.50371664270898,27.207890144114913],[85.50639439388624,27.221397019656763],[85.49002339256555,27.220456019429776],[85.49098558081994,27.249857144092005],[85.48235114309085,27.268503519222065],[85.43446833074893,27.288593082304942],[85.4204168941244,27.32086683223855],[85.42684720593388,27.331919769082106],[85.44855764322074,27.336393644451164],[85.45073708095157,27.350772081766195],[85.48949564340927,27.376183144736387],[85.51225501755505,27.365234831422356],[85.5060144555028,27.3570190191125],[85.51577008072468,27.350372706335406],[85.5354771432556,27.356431019875743],[85.56133301810434,27.339067894567734],[85.62520451827396,27.344552956853533],[85.6374805178117,27.353328081825566],[85.65293420614876,27.333323269053665],[85.68140695616614,27.344867018997775],[85.69156114383179,27.336788206710423],[85.70641226931082,27.34560176960605],[85.69864145593851,27.372405832063578],[85.7167093304713,27.40615489463272],[85.7294883936745,27.411745519340286],[85.7757973933351,27.397922832472773],[85.7931142683089,27.44306583232236],[85.80540926872283,27.43842239427812],[85.82651801909134,27.448700832277666]]]}},{"type":"Feature","properties":{"id":3,"name":"Sindhupalchok","province":"Bagmati Pradesh"},"geometry":{"type":"Polygon","coordinates":[[[85.818883268648,28.19926870768478],[85.83126639362922,28.184841645825372],[85.85084883080896,28.183949332195994],[85.85363639280536,28.166968770392486],[85.87428433055749,28.14421839486306],[85.87246008096804,28.123539957503112],[85.90038526886514,28.10884489497596],[85.90323658110339,28.053656332074127],[85.97948308177888,27.9964707697103],[85.98064514345867,27.987651019479017],[85.951103268601,27.94078720736377],[86.00297164422608,27.9110839581582],[86.01610695677067,27.914869519412832],[86.06739895599708,27.899243208007704],[86.05014326909662,27.885865520077743],[86.02728289389051,27.84588376992008],[86.00485570592616,27.829937020177397],[86.02491276840959,27.80049633164043],[86.02844445644655,27.784772645241446],[86.02213345589433,27.772201332625457],[86.03643839431652,27.75636139446283],[86.03263870651114,27.742036894886837],[86.00695551948172,27.74496858223432],[85.97958458196297,27.735101270207508],[85.96337201870375,27.74192777025047],[85.93866564380448,27.708700144496106],[85.94148126824598,27.668928270023684],[85.92057514412767,27.663259520310646],[85.91295389340752,27.636819894622477],[85.8863476440286,27.610217519522962],[85.8693150186732,27.628750143904085],[85.84455726910272,27.62583864543717],[85.81970645588831,27.643810020016474],[85.82419020671273,27.65537958230192],[85.81490414361139,27.668781270439354],[85.79430245619346,27.664743207433105],[85.73702664326504,27.676409582636154],[85.72700976858602,27.662101832033954],[85.70759601904109,27.65612164439841],[85.70831333089558,27.641440769575922],[85.68208914409877,27.699900770204408],[85.65720501819709,27.719768082031408],[85.61809264356071,27.731489207061315],[85.60621776773587,27.74853652014434],[85.55638201911495,27.748905145056426],[85.55229839285658,27.756677332592858],[85.56636851829256,27.754710019751656],[85.56793483062796,27.764255770187674],[85.53576945619551,27.79165883238926],[85.47531739338308,27.77777245733307],[85.46996751898587,27.796989769762092],[85.45086208132005,27.817401207399826],[85.45352839402022,27.85024770676631],[85.47246489314034,27.868961082288195],[85.47066283072513,27.88148976973713],[85.48981526875968,27.919592644584952],[85.48075989255506,27.959171833013727],[85.49419720643601,27.97168245757939],[85.4895106432017,27.992289395239425],[85.49941126791572,28.029212832606163],[85.48073283105538,28.056109831903257],[85.44407289324948,28.08236470806486],[85.47505939407586,28.104652895914455],[85.49152426843028,28.105562145576584],[85.4976225811173,28.122114895386176],[85.49261776849528,28.138493145242535],[85.50518514387932,28.151672833034866],[85.52912576853947,28.157186019818994],[85.53525245663565,28.167254332121786],[85.55681576843301,28.16808570768933],[85.58626283046533,28.153230707930902],[85.60391564359213,28.157896520208283],[85.61531276896915,28.150274332394588],[85.61725164344864,28.133904457924473],[85.63372508114765,28.12964345747963],[85.65491126854027,28.15178333273468],[85.71465595610755,28.161868144899017],[85.72155570593117,28.173864707989935],[85.7811036443178,28.17415283278706],[85.80233664412089,28.19619658220654],[85.818883268648,28.19926870768478]]]}},{"type":"Feature","properties":{"id":4,"name":"Baglung","province":"Gandaki Pradesh"},"geometry":{"type":"Polygon","coordinates":[[[83.10165757863439,28.634353582851645],[83.10938382790141,28.63208989573218],[83.11067857825384,28.581071770645735],[83.10251214142227,28.566836645694707],[83.1035106416029,28.54121020858429],[83.12763982801573,28.527664083031084],[83.13322251620622,28.496011270004146],[83.17089576602683,28.493286333197773],[83.22143857872749,28.513702708113556],[83.27591245399663,28.493464333312374],[83.2855485791037,28.475112208261862],[83.29850932874257,28.470044770449874],[83.3002710160946,28.455490583123947],[83.27463470352882,28.44194820864294],[83.2766582033135,28.42981877071975],[83.28154982906142,28.43301902081123],[83.29882895409304,28.41560602000186],[83.28445370397532,28.392746582788618],[83.28868107966815,28.37966502002473],[83.28081389134809,28.367343520187376],[83.3139268292598,28.354442020582837],[83.33763839119888,28.370753957129466],[83.36557589171412,28.370552957752864],[83.37976714144048,28.355251395135838],[83.41334714135752,28.357342583293644],[83.42639126624402,28.341006894752468],[83.44089845410042,28.340198457293013],[83.44552570344854,28.328622770624406],[83.48665789154853,28.319941582538036],[83.49999989168174,28.324228332371717],[83.5290880792515,28.31491889499108],[83.53725114092748,28.30305420758566],[83.56123576671735,28.316539895999426],[83.58664957981432,28.309771520938966],[83.60435114159196,28.297094269984598],[83.61201832878288,28.258931520073645],[83.6700005789636,28.2303683953852],[83.67371914162516,28.204682895299413],[83.64154351671999,28.174596207548973],[83.64593957914832,28.166812082411752],[83.63588982885256,28.150856332253966],[83.6411527666869,28.136098207466375],[83.6312968292853,28.121979269527742],[83.60680982961003,28.110410895246673],[83.59148351585162,28.08071151942113],[83.58270476661176,28.077262270437473],[83.56530320338021,28.091966770450142],[83.56695682909447,28.100818894476447],[83.55024882932008,28.11973377029733],[83.53400814156254,28.116398957346064],[83.512368140977,28.126826707086934],[83.48809145405744,28.11312383239897],[83.47613839117389,28.118854708178276],[83.47572089080654,28.132153832233598],[83.42532120341087,28.125054457197507],[83.35753370341774,28.197316269630164],[83.33222876584495,28.188890020458132],[83.30829495444863,28.19772383248892],[83.27568257918773,28.187458645100435],[83.18682189071774,28.270561833361967],[83.16979051631932,28.257797894956923],[83.1574942037945,28.270675145241796],[83.13278851597727,28.249980707143948],[83.12635332894303,28.25762864524586],[83.1115233914914,28.251624270343825],[83.09553476661625,28.256846083080347],[83.09902589073232,28.277007332922153],[83.07138826645541,28.30176352037023],[83.06887157935995,28.313180270752923],[83.00615845364979,28.332535145280758],[82.98203457863298,28.359265207923045],[82.95669445328645,28.360007707090062],[82.94557070292564,28.398292707242717],[82.91811370388439,28.402587207433726],[82.916255452727,28.434079770265214],[82.8882868284744,28.45231951963018],[82.88062007835401,28.473483144831334],[82.91370514087959,28.480478770478953],[82.87929276534891,28.515297832928695],[82.8965555784772,28.51530152014908],[82.91601114110136,28.527457645454035],[82.91561764094143,28.555435271020997],[82.92275701602352,28.567094520895466],[82.97931689126159,28.54608852076865],[82.98742707819719,28.57072602018974],[82.96424407840158,28.581754208589928],[82.95458826623553,28.59796602001586],[82.97892526618813,28.628823583241797],[83.02108782824075,28.621597458655856],[83.04478476630396,28.629842958485824],[83.05949082843904,28.619985583068228],[83.10165757863439,28.634353582851645]]]}},{"type":"Feature","properties":{"id":4,"name":"Gorkha","province":"Gandaki Pradesh"},"geometry":{"type":"Polygon","coordinates":[[[84.55913414172733,28.751253583186383],[84.57385233032085,28.735070083317737],[84.62852045555462,28.73637239606927],[84.64573051714973,28.725132895766592],[84.65281483034022,28.702299208841453],[84.66869233048669,28.694133771156658],[84.67053132985706,28.683291083216943],[84.70714420524092,28.670983020150288],[84.69697264267336,28.636321832786393],[84.73898858015889,28.616766958028734],[84.78289083034758,28.60937339586559],[84.85929070500208,28.57047470824125],[84.86926608046531,28.581506333850257],[84.8882748302193,28.582529271308886],[84.9031844547988,28.593146957865883],[84.90918720462582,28.58803983297196],[84.94711570542552,28.594688208793855],[84.95110264287274,28.580048146105128],[84.98562783026023,28.591271207700117],[84.99507139343012,28.599677957771576],[84.99105814271917,28.61277402030487],[85.06082833036322,28.68230208347444],[85.08617533012745,28.670830458259104],[85.11762145556577,28.68642008362002],[85.15943214347868,28.642838707940086],[85.18342414281,28.644327645304656],[85.19074120504263,28.64092020760154],[85.18706339336097,28.632129770772337],[85.2002691435062,28.626569958636708],[85.19121564238804,28.604862395583154],[85.17591283061267,28.597310083293735],[85.19380826823704,28.568878208362662],[85.18697733003978,28.561240895750814],[85.18876170548839,28.533436895096656],[85.16837064289092,28.531942207466955],[85.1551357682012,28.490394832955246],[85.12074058051343,28.48540602017175],[85.10174533048269,28.456713957882926],[85.11653820507416,28.44303052024236],[85.1180677054603,28.408663707963797],[85.12887414352696,28.392243395016692],[85.11019026846617,28.346405895515716],[85.08278051800659,28.345685519671065],[85.04888376787164,28.325668521085447],[85.03494264298865,28.3026435834347],[85.04021739251868,28.291688645714487],[85.0301661421538,28.262201270672165],[85.00396620557598,28.253049332460762],[85.00088564355764,28.241040145586283],[84.99382170540741,28.24450064508875],[84.96694601824419,28.217157520003582],[84.97606764210803,28.190071270972453],[84.95945539315193,28.155335957888212],[84.95912251808977,28.126545395553592],[84.9310234552683,28.12610514503649],[84.92033983041887,28.103204957742662],[84.90263270543505,28.106474520382847],[84.89465058105952,28.099753770719985],[84.87156657953409,28.120255458022996],[84.8459327679829,28.11610664440616],[84.81168951805688,28.037768145283735],[84.81351751691994,28.002720270124428],[84.79233807983854,27.997767395149197],[84.78625058059987,27.983073519727213],[84.77381283079757,27.97712889488264],[84.77690389330007,27.971166208054115],[84.74806001825527,27.959868769827892],[84.73418657994677,27.925607395864688],[84.73794108041659,27.892645519774987],[84.75141901757365,27.88587826976641],[84.75821145579408,27.861538520586294],[84.76727376757037,27.85907420730888],[84.78457239260189,27.813697519524965],[84.77526370525584,27.80841164448185],[84.76482064275854,27.817998270004182],[84.73404201752516,27.795446395534782],[84.6701988298122,27.818302644651396],[84.66255439187177,27.84929189560455],[84.63765808015631,27.86014258211452],[84.6265578299799,27.879636269698153],[84.61029501710141,27.871344957503823],[84.59169870453167,27.879366081879255],[84.56958145442064,27.858703082281465],[84.55024120466794,27.862412019499175],[84.55457658084458,27.869653394788372],[84.54289064268909,27.875600206784156],[84.54755301685827,27.90467502053582],[84.54066808066744,27.917240706993084],[84.50360301716557,27.91540008254782],[84.50870101663867,27.92281601984348],[84.42277432047854,27.958429705266724],[84.42362124532428,27.97845437237146],[84.45944228473371,28.00368699455919],[84.46833652131346,28.05083877229157],[84.48924719690069,28.061968403319213],[84.4899478344251,28.076519025732523],[84.48033639840611,28.08890620845483],[84.51534783033816,28.087599144584885],[84.54298814268867,28.099536582647204],[84.55844839247936,28.124537145572845],[84.60332151747411,28.151846207036897],[84.61415489293404,28.17235239454743],[84.63537651721253,28.189177332268116],[84.64246245457866,28.204928769946832],[84.63510939248454,28.22980408249248],[84.65365383036004,28.264265957607904],[84.64860508046013,28.292918832837927],[84.67156439278256,28.342069208127498],[84.68265095527744,28.342670707986827],[84.6970125797668,28.360800769739797],[84.67848595476306,28.376297020291304],[84.67799614260798,28.387020707239913],[84.63959133027572,28.43900314567867],[84.60072757951423,28.451886832411446],[84.58522645463722,28.47692545824333],[84.56755601749626,28.485499207922146],[84.57272182944894,28.50990483334141],[84.56159326771518,28.55000664569019],[84.54964564213276,28.554473020713374],[84.54490633006316,28.627159332936913],[84.53358195534304,28.64622789570086],[84.52093114265818,28.651739146244665],[84.5243487678814,28.663150833444263],[84.5147990181602,28.673479771074653],[84.52218664209994,28.694347396115518],[84.50315083084621,28.698692583895706],[84.48401932992817,28.718309083797237],[84.50444051711622,28.744154584066848],[84.55913414172733,28.751253583186383]]]}},{"type":"Feature","properties":{"id":4,"name":"Kaski","province":"Gandaki Pradesh"},"geometry":{"type":"Polygon","coordinates":[[[83.87659632875761,28.61315895801954],[83.9411052045416,28.600973895229117],[83.96609276686775,28.605084145916635],[83.99165920480851,28.58429977111757],[84.01557195408247,28.587060645732265],[84.03304407902107,28.57246689633024],[84.06194157974016,28.563310207899804],[84.0873523297463,28.53833839540067],[84.13949039226787,28.539228895097494],[84.16457670465127,28.512027270242356],[84.18742839150713,28.505996207958674],[84.19120420501014,28.48898145752827],[84.26385589243557,28.48184764565235],[84.28082620466569,28.4706793329849],[84.26845226805779,28.451420583393258],[84.24852739242527,28.441725146198564],[84.24699001757529,28.424003144629467],[84.23174232884548,28.41581052043921],[84.21712595519875,28.393838707790167],[84.21977120487725,28.360069895209563],[84.1889620170835,28.291713270950765],[84.2130932674404,28.265394520440793],[84.21249133051055,28.211777207152466],[84.19277395455441,28.19589951994692],[84.19643945451725,28.18820270728918],[84.22088451790626,28.180690332992526],[84.21546851725833,28.17215883346347],[84.23071339200948,28.140347207357763],[84.21951520476296,28.123621520616723],[84.22811026657558,28.095701269997676],[84.16054295479358,28.097017645448034],[84.14684301729147,28.105963583152914],[84.1072419537532,28.110312082236874],[84.07178164230902,28.07753489541915],[84.0603960795155,28.088054895816867],[84.04979901711101,28.083984207205447],[84.03981789138265,28.091379270337086],[84.04397907877154,28.094739895629743],[84.02781782902963,28.096041519500602],[84.02912214187342,28.105271894782163],[84.01445757985351,28.105459270329106],[84.01707145488382,28.11024239557014],[84.00094707914445,28.121504770129093],[84.00404201682568,28.131768770412464],[83.98221976772817,28.143211707254522],[83.9323347668361,28.14375570805953],[83.92563301625074,28.168314458345606],[83.89294257983624,28.194423083158824],[83.85810939263445,28.193852144960545],[83.8393250794889,28.2121118952478],[83.81882414222042,28.209861644899036],[83.80044520478242,28.228371395023885],[83.82460295366343,28.25049801966793],[83.82271145457003,28.259990020323244],[83.76767539150615,28.27374070836703],[83.77655707984542,28.28517220763132],[83.76364439087598,28.292765395007052],[83.77651901693912,28.308887707701615],[83.72815832914364,28.34884370757112],[83.72061670439746,28.368123895201677],[83.72518639173865,28.37508008287955],[83.70266832908015,28.398391458199285],[83.76132001660557,28.393533082186025],[83.75935782900069,28.405384894897054],[83.74736514198776,28.40253389562281],[83.73390907904081,28.420113583075477],[83.75556776663916,28.458245708372772],[83.75431907956192,28.47186645787076],[83.77461445429367,28.48031270796514],[83.80366257886499,28.515319708038135],[83.830726079545,28.534186270480063],[83.80397432885223,28.57979952043155],[83.82139870428682,28.59523320784632],[83.87659632875761,28.61315895801954]]]}},{"type":"Feature","properties":{"id":4,"name":"Lamjung","province":"Gandaki Pradesh"},"geometry":{"type":"Polygon","coordinates":[[[84.44396707921737,28.510095395186397],[84.46353964184107,28.50000589575552],[84.49288957979036,28.46143958317026],[84.5528487673568,28.471321270860017],[84.57030070521341,28.482656271070084],[84.58522645463722,28.47692545824333],[84.60072757951423,28.451886832411446],[84.63959133027572,28.43900314567867],[84.67799614260798,28.387020707239913],[84.67848595476306,28.376297020291304],[84.6967328924091,28.361429457903228],[84.68265095527744,28.342670707986827],[84.67156439278256,28.342069208127498],[84.64860508046013,28.292918832837927],[84.65365383036004,28.264265957607904],[84.63507045453792,28.2295740826778],[84.6421937047757,28.20311151978086],[84.61415489293404,28.17235239454743],[84.61153401758088,28.159341145277665],[84.55844839247936,28.124537145572845],[84.54432351721658,28.100445082274803],[84.51534783033816,28.087599144584885],[84.48033639840611,28.08890620845483],[84.4899478344251,28.076519025732523],[84.48418570270809,28.055384404566666],[84.44573033228909,28.10418077522263],[84.39781507870299,28.129551261681456],[84.33160933060617,28.123921895978754],[84.31167932973733,28.10713208307925],[84.23396782985151,28.078708082611968],[84.21951520476296,28.123621520616723],[84.2307149550312,28.139582333058286],[84.21546851725833,28.17215883346347],[84.22088451790626,28.180690332992526],[84.19643945451725,28.18820270728918],[84.19277395455441,28.19589951994692],[84.20737089205306,28.20311645705891],[84.2149700797055,28.228138207112636],[84.2130932674404,28.265394520440793],[84.18891801685305,28.291343333028465],[84.21977120487725,28.360069895209563],[84.21614476696749,28.391884082584397],[84.23174232884548,28.41581052043921],[84.24699001757529,28.424003144629467],[84.24852739242527,28.441725146198564],[84.2711525805272,28.456394645496516],[84.2903277678123,28.44484395818216],[84.37642339262555,28.45378870788261],[84.37538720545524,28.46092564580198],[84.4002642042297,28.456425833085802],[84.41794007957105,28.471301832913298],[84.42511239232311,28.503123207669944],[84.44396707921737,28.510095395186397]]]}},{"type":"Feature","properties":{"id":4,"name":"Manang","province":"Gandaki Pradesh"},"geometry":{"type":"Polygon","coordinates":[[[84.18922241398326,28.89949636876247],[84.2549994552607,28.890174145720323],[84.2676970794567,28.897684707883002],[84.28995445473436,28.876855895783024],[84.32576126686905,28.862590271224065],[84.34528307985033,28.872869896328723],[84.35915564311847,28.859277020418233],[84.37740589206834,28.86431458275183],[84.41135808001144,28.85325983377436],[84.40277564198237,28.830147646596686],[84.42104251759815,28.831479333004893],[84.43748007954207,28.82078977083131],[84.43421314292226,28.801353021125067],[84.44752208037977,28.79307720784692],[84.43874626742638,28.769250333036496],[84.45406714208502,28.764676208440335],[84.46257008004523,28.75120339562028],[84.48298351777521,28.746580395568856],[84.49404257990119,28.73462933277756],[84.48401932992817,28.718309083797237],[84.50315083084621,28.698692583895706],[84.52218664209994,28.694347396115518],[84.5147990181602,28.673479771074653],[84.5243487678814,28.663150833444263],[84.52093114265818,28.651739146244665],[84.53358195534304,28.64622789570086],[84.54490633006316,28.627159332936913],[84.54964564213276,28.554473020713374],[84.56159326771518,28.55000664569019],[84.57272182944894,28.50990483334141],[84.5662125796469,28.47815658246037],[84.49288957979036,28.46143958317026],[84.46353964184107,28.50000589575552],[84.43463695473173,28.50998564552117],[84.41932108030369,28.490766082988387],[84.41794007957105,28.471301832913298],[84.4002642042297,28.456425833085802],[84.37538720545524,28.46092564580198],[84.37642339262555,28.45378870788261],[84.28261901665434,28.44631995789979],[84.2711525805272,28.456394645496516],[84.28082620466569,28.4706793329849],[84.26864307991428,28.480193519915076],[84.19120420501014,28.48898145752827],[84.18742839150713,28.505996207958674],[84.16457670465127,28.512027270242356],[84.13949039226787,28.539228895097494],[84.0873523297463,28.53833839540067],[84.06194157974016,28.563310207899804],[84.03304407902107,28.57246689633024],[84.01557195408247,28.587060645732265],[83.99165920480851,28.58429977111757],[83.96587126654578,28.605151770437885],[83.9411052045416,28.600973895229117],[83.87366332929929,28.613142708169505],[83.8518740790256,28.653614145476467],[83.79133039238377,28.69311152078012],[83.81516265862984,28.714323060960567],[83.84720326741689,28.726888204227293],[83.86619567918729,28.72264673076205],[83.8932647709525,28.743616121287005],[83.89941406350829,28.770420091114374],[83.94102478086899,28.788356797728056],[83.94037628154024,28.82459260716314],[83.95245557956139,28.834661459059134],[83.96188354578908,28.833789842427336],[83.96971130423339,28.817085282559788],[83.99712371848489,28.81328584476597],[84.01691436760404,28.79742433366613],[84.04948495406745,28.822432833108792],[84.05392456076993,28.842496889619838],[84.06286621140657,28.838991182097402],[84.08705139230796,28.849489229144638],[84.08641926693565,28.865931833587297],[84.0979156495876,28.88727380514206],[84.11750793434373,28.880918520173623],[84.13274383565954,28.88851167517373],[84.15976715193256,28.872125642584365],[84.18922241398326,28.89949636876247]]]}},{"type":"Feature","properties":{"id":4,"name":"Mustang","province":"Gandaki Pradesh"},"geometry":{"type":"Polygon","coordinates":[[[83.96568601699613,29.331037022041073],[84.00106570421906,29.31492952118049],[84.00162514188679,29.30651264654142],[83.98988782906025,29.3004438343155],[84.01786041302779,29.28894044684432],[84.02851867789474,29.28555681059845],[84.04598236089737,29.30075647193371],[84.07089996406222,29.285247820630445],[84.08991241452651,29.294544237626496],[84.12226867635849,29.279665010132135],[84.12378692712502,29.270286577663455],[84.11450195310283,29.26296998757499],[84.11846160871636,29.244121568955336],[84.1433105468443,29.236146944026416],[84.20315551781295,29.240015046856968],[84.20186614990308,29.213878649180458],[84.17965698278368,29.206735628246747],[84.16441345251894,29.185199754764938],[84.17693328794104,29.130805986607186],[84.20309448352367,29.12391664283882],[84.20384216368501,29.103719728582575],[84.1882629389836,29.080682771492775],[84.19181060797331,29.046876924830315],[84.22370147784102,29.05340577895356],[84.24999999990007,29.037193315519232],[84.24393882921368,28.97605077032688],[84.22260889238657,28.91555802128579],[84.22803776772889,28.893908833226135],[84.18651757972259,28.900201707942585],[84.15976682907598,28.87212545822348],[84.13274745453145,28.888511333431325],[84.1171283916621,28.880672520520534],[84.09791333023617,28.887273208891543],[84.08641926693576,28.86593183358741],[84.08705339240026,28.849489083454557],[84.06286614215884,28.83899139613601],[84.05392456076993,28.84249688961995],[84.04948495406757,28.822432833108792],[84.01676940948073,28.79739190860988],[83.99712371848494,28.81328584476603],[83.96971130423339,28.817085282559788],[83.96188354578908,28.833789842427393],[83.95245557956144,28.834661459059248],[83.94037628154024,28.82459260716314],[83.94102478086899,28.78835679772817],[83.89941406350835,28.770420091114318],[83.8932647709525,28.743616121287005],[83.87410736146563,28.726934450064846],[83.83839595391026,28.72397427129573],[83.77896420343535,28.688626957867996],[83.74655151364152,28.690046328175697],[83.72994995132927,28.666860598038284],[83.73209701706372,28.654682333223207],[83.70890808174278,28.640096681316834],[83.69935576625574,28.617249707807844],[83.68798828163403,28.61355401760386],[83.66541970405626,28.566830395406498],[83.63983432819174,28.56640207079903],[83.64466094914354,28.57291795579914],[83.5986938483424,28.589181917111944],[83.58172532486401,28.583325582309953],[83.56610107380556,28.606988923500126],[83.56352233888487,28.644144074789324],[83.54576110798888,28.65471841672172],[83.5295867919969,28.68830873276181],[83.54174041808591,28.69710351781316],[83.53927612369426,28.71100618139019],[83.56073760975295,28.746175782486432],[83.55760192828649,28.765930193423742],[83.55093383842609,28.77532197722752],[83.50648498569359,28.793252961455096],[83.4889602666031,28.79045678934949],[83.48236083998086,28.837701815086803],[83.48368072548521,28.844600694366534],[83.50386810333032,28.84607316784252],[83.50806426985037,28.86511422933819],[83.50153360629093,28.877145059297163],[83.54826355072242,28.921772020962067],[83.56071472200682,28.9447841819445],[83.56903076196022,28.943283098336508],[83.58211517377629,28.956096666727944],[83.59108734110805,28.98065568770994],[83.60058593739126,28.98570253104714],[83.61133575504113,28.980196016333252],[83.61708831797154,28.987638490823826],[83.61462402357984,29.035909669995306],[83.62168982962197,29.05965202112401],[83.63358626579361,29.064853457920833],[83.63279857929109,29.08096808321045],[83.61768089116026,29.09827208348986],[83.63093426580389,29.10680302184204],[83.65197814177793,29.104431833362526],[83.65351032933842,29.119034209061567],[83.66230407927003,29.12439433303217],[83.68249482867344,29.12340583421195],[83.67787132949826,29.148923395798192],[83.66494001646868,29.156656709239712],[83.66816914109307,29.169659083999704],[83.65946120447114,29.17607127087257],[83.66564139143725,29.184021021453077],[83.65796489176648,29.203921645967228],[83.68630476605216,29.213062271606532],[83.71334720460993,29.24453470851006],[83.76417120473735,29.23993483362574],[83.79938220432535,29.25000645903083],[83.80437764151498,29.256310208349475],[83.7965976415681,29.277362271751542],[83.80994539196644,29.285828146851657],[83.81484464216663,29.30201008369852],[83.85018064122374,29.297558334349787],[83.85880026711874,29.30982414636742],[83.90687664144389,29.325698458417207],[83.94885457897573,29.31649664650314],[83.96568601699613,29.331037022041073]]]}},{"type":"Feature","properties":{"id":4,"name":"Myagdi","province":"Gandaki Pradesh"},"geometry":{"type":"Polygon","coordinates":[[[83.5081835784095,28.790071458630962],[83.55093383842598,28.77532197722752],[83.5581665037812,28.764417665043254],[83.56073760975295,28.746175782486432],[83.53927612369421,28.71100618139019],[83.54174041808591,28.69710351781316],[83.5295867919969,28.688308732761868],[83.54576110798882,28.654718416721607],[83.56352233888487,28.644144074789267],[83.56610107380556,28.60698892350007],[83.5817253248639,28.58332558230984],[83.59869384834246,28.58918191711183],[83.64466094914354,28.572917955799085],[83.63983432819174,28.566402070798972],[83.66541970405615,28.566830395406498],[83.68798828163392,28.61355401760386],[83.69935576625568,28.617249707807844],[83.70890808174266,28.640096681316834],[83.73209701706372,28.65468233322315],[83.72994995132927,28.666860598038227],[83.74655151364152,28.690046328175583],[83.76946258543,28.686378496270663],[83.79133039238377,28.69311152078012],[83.81392082978255,28.682567708133263],[83.85218276682127,28.65327608312481],[83.87338801624401,28.614830082742174],[83.82139870428682,28.59523320784632],[83.80397432885223,28.57979952043155],[83.830726079545,28.534186270480063],[83.80366257886499,28.515319708038135],[83.77461445429367,28.48031270796514],[83.75431907956192,28.47186645787076],[83.75556776663916,28.458245708372772],[83.73390907904081,28.420113583075477],[83.74736514198776,28.40253389562281],[83.75935782900069,28.405384894897054],[83.76132001660557,28.393533082186025],[83.69006445471086,28.398670270516618],[83.68159407850396,28.371257957888474],[83.66016064140052,28.347960333202877],[83.62874039215541,28.3807018951764],[83.59943457854303,28.39140358290905],[83.57168176640045,28.37432995746161],[83.57035457930044,28.340927082618805],[83.59919157902823,28.315169770768364],[83.60326157875892,28.298052270096264],[83.56475957849182,28.316905395767435],[83.53725114092748,28.30305420758566],[83.5290880792515,28.31491889499108],[83.49999989168174,28.324228332371717],[83.48665789154853,28.319941582538036],[83.44552570344854,28.328622770624406],[83.44089845410042,28.340198457293013],[83.42639126624402,28.341006894752468],[83.41334714135752,28.357342583293644],[83.37976714144048,28.355251395135838],[83.36557589171412,28.370552957752864],[83.33763839119888,28.370753957129466],[83.31418476651385,28.354540333569616],[83.30426870313818,28.355787395571895],[83.28081389134809,28.367343520187376],[83.28868107966815,28.37966502002473],[83.28445370397532,28.392746582788618],[83.29882895409304,28.41560602000186],[83.28154982906142,28.43301902081123],[83.2766582033135,28.42981877071975],[83.27463470352882,28.44194820864294],[83.29243507831626,28.44665570809451],[83.30246564067681,28.461270770529666],[83.27591245399663,28.493464333312374],[83.22143857872749,28.513702708113556],[83.17089576602683,28.493286333197773],[83.13322251620622,28.496011270004146],[83.12763982801573,28.527664083031084],[83.1035106416029,28.54121020858429],[83.10251214142227,28.566836645694707],[83.11067857825384,28.581071770645735],[83.10751232883098,28.627561083477246],[83.11785026597704,28.631362458410763],[83.1264019534874,28.658523833208392],[83.1206676413986,28.67243558263607],[83.14742732860839,28.680626833561575],[83.14524276564117,28.69279545854363],[83.1545395162857,28.701049957889325],[83.14741214085768,28.747027458450475],[83.18846232877354,28.74347427032137],[83.21194120372365,28.731845833018838],[83.23128857880494,28.742756770508606],[83.27894132837963,28.721848771303826],[83.3275749541209,28.737823896455723],[83.36402957850231,28.73404995803918],[83.39053082933435,28.76297270812404],[83.41246082890422,28.76053858328902],[83.48548801565943,28.78275627058548],[83.48895213043653,28.790577814714425],[83.5081835784095,28.790071458630962]]]}},{"type":"Feature","properties":{"id":4,"name":"Nawalpur","province":"Gandaki Pradesh"},"geometry":{"type":"Polygon","coordinates":[[[84.09667745490066,27.86645183258605],[84.10348776714682,27.86551039528854],[84.1018065799098,27.85536014575416],[84.1112635798504,27.861607520170992],[84.12051032908846,27.85066520713366],[84.12735457994995,27.859441020087047],[84.13173751767238,27.854538207672192],[84.12405139255776,27.846882582165506],[84.15788307944064,27.848102581768785],[84.15830714216094,27.839460019564285],[84.1754459549669,27.852212832456303],[84.1929425171835,27.846401832478648],[84.20430532982715,27.85222502006866],[84.21161526763058,27.838553707087954],[84.21566995460478,27.84633883227133],[84.22756851677372,27.83640508192906],[84.22983001674191,27.845496895065708],[84.24228789247229,27.84644133250157],[84.26968864251688,27.832292519983866],[84.29372751721121,27.837629457633398],[84.30785807978663,27.81864714435028],[84.30222276776658,27.79215576987292],[84.31599520501476,27.785200019265517],[84.32727170432577,27.748500207318784],[84.34209782955128,27.743768706760477],[84.36344745433661,27.75392683165802],[84.37427989270293,27.77759258303132],[84.39382195481943,27.775493894527642],[84.42088389247772,27.75751189445839],[84.43279864244346,27.705642894703885],[84.38101045486866,27.681098457128144],[84.3458358301595,27.70207183254911],[84.26002639210435,27.6508958314775],[84.20877989137892,27.638556081697857],[84.1373584549288,27.584338269495618],[84.11680064273554,27.553093270238264],[84.0526807669039,27.556291457285],[84.03325076750895,27.537011082595427],[83.97247726721218,27.550350581714042],[83.9505402052663,27.53997801976982],[83.92651295430943,27.544390207042454],[83.92083351705321,27.532831519359206],[83.92770651744189,27.514530331909327],[83.94399201661832,27.515533019333418],[83.9563570796156,27.527357082563356],[83.96820732930485,27.521791207198532],[83.97108601690621,27.510432519745052],[83.94081682883365,27.49133045633556],[83.94666576761114,27.465588019271706],[83.93844007894654,27.451564770098116],[83.89761357940324,27.437561457095626],[83.88980226686118,27.446313144835813],[83.88715382998532,27.480924018728558],[83.87677995503094,27.489119956920547],[83.89975982945265,27.49858420719545],[83.87780582877605,27.51021476959602],[83.88448876734282,27.527681519286716],[83.84925951691321,27.560125643983326],[83.83816595409559,27.54484795746731],[83.83368132913012,27.56547389510422],[83.84356651698124,27.57241283198664],[83.83823414159241,27.5855553319131],[83.82359776702339,27.59247845691533],[83.81016570428386,27.588523207080414],[83.81146145378312,27.59520414465561],[83.79198220391561,27.606167706874203],[83.80172714159437,27.611717144430713],[83.79935095378357,27.62007620705134],[83.80726870468703,27.62067420764862],[83.80306982940914,27.629385019403173],[83.81191101678007,27.635261894720713],[83.81390382989787,27.662175206820393],[83.78525345478317,27.66681826894802],[83.76480026611944,27.661003956767217],[83.72722657934321,27.672267082260078],[83.71014651654855,27.658937332691778],[83.69741657971144,27.66130201997231],[83.7066542673806,27.682649896475596],[83.67910557885943,27.718416583558508],[83.7306345800219,27.708943332868557],[83.784377829873,27.72486195721359],[83.82249883055664,27.71043870758035],[83.84833739255669,27.709302832359867],[83.84702358017415,27.734833144534036],[83.89853120445156,27.729857645314155],[83.90658151722329,27.73548183272044],[83.9262430794546,27.726628144773088],[83.95257808071392,27.747315520494908],[83.99202395544125,27.749045083164106],[84.00242851706247,27.788426958537343],[84.02883420503457,27.82040658249781],[84.02234820540542,27.840665957368117],[84.03062182973372,27.85623133251005],[84.04134132943886,27.857000269946525],[84.04352726746947,27.849740707667593],[84.05085470428122,27.85590720695211],[84.05474226664234,27.848689707763867],[84.08015057948569,27.869393395388954],[84.09667745490066,27.86645183258605]]]}},{"type":"Feature","properties":{"id":4,"name":"Parbat","province":"Gandaki Pradesh"},"geometry":{"type":"Polygon","coordinates":[[[83.7015832044014,28.39952183316609],[83.72518639173865,28.37508008287955],[83.72061670439746,28.368123895201677],[83.72815832914364,28.34884370757112],[83.77651901693912,28.308887707701615],[83.76364439087598,28.292765395007052],[83.77655707984542,28.28517220763132],[83.76767539150615,28.27374070836703],[83.82210445445708,28.26048108343531],[83.82485126637289,28.251130082087684],[83.80044520478242,28.228371395023885],[83.81136251756618,28.219822020569836],[83.80566470446257,28.221145270437944],[83.80147614171062,28.20886958206563],[83.75832470402196,28.190138395470626],[83.7680994542265,28.17046008246689],[83.76150920428643,28.146010769781242],[83.73283676700328,28.147868957986077],[83.71088695357008,28.130211707604246],[83.70735132920055,28.118340519899107],[83.73209339189657,28.10129270769238],[83.71942539136876,28.089920457563096],[83.70567264117949,28.090121707850585],[83.71474913616379,28.063457576306178],[83.69604689155085,28.052219270303112],[83.69055076670458,28.03810945778531],[83.69990926659943,28.032812020158644],[83.69656745422469,28.027806895471883],[83.65796595386576,28.011615082270282],[83.63712020393433,28.017452832582194],[83.62879026675745,28.005291519987736],[83.60869707940674,28.01007789447931],[83.58045732934232,28.033798832749994],[83.5639127669607,28.035171083079092],[83.56294445432314,28.064037520315367],[83.59148351585162,28.08071151942113],[83.60680982961003,28.110410895246673],[83.63201257901738,28.122658082304724],[83.64129764117325,28.136635645918375],[83.63588982885256,28.150856332253966],[83.64593957914832,28.166812082411752],[83.64154351671999,28.174596207548973],[83.67325289170765,28.203763458117123],[83.6762486422611,28.218398020552286],[83.65942651672043,28.237210583201886],[83.61201832878288,28.258931520073645],[83.60285601689174,28.308592270516897],[83.57060682924185,28.340327707857455],[83.5687614545775,28.366121708450123],[83.59881295365494,28.391584520209506],[83.62874039215541,28.3807018951764],[83.63611164123932,28.366018020215506],[83.6645571417987,28.348815020996483],[83.69006445471086,28.398670270516618],[83.7015832044014,28.39952183316609]]]}},{"type":"Feature","properties":{"id":4,"name":"Syangja","province":"Gandaki Pradesh"},"geometry":{"type":"Polygon","coordinates":[[[83.80864689144096,28.219317395681344],[83.81882414222042,28.209861644899036],[83.8398848921741,28.211848582745972],[83.85810939263445,28.193852144960545],[83.89294257983624,28.194423083158824],[83.92563301625074,28.168314458345606],[83.92560464264022,28.149485520840187],[83.93272601689222,28.14355739495784],[83.98186876683019,28.14329739555842],[84.00484564201281,28.130636020336112],[84.00094707914445,28.121504770129093],[84.00689657921384,28.115800645583363],[83.99513145395349,28.10876995716785],[83.99710007890559,28.10199202051541],[83.96395682934428,28.08719020756206],[83.96090701694533,28.079664582654402],[83.97151464188727,28.07511614449453],[83.94172295425102,28.068245207150653],[83.94321657978139,28.061330082517372],[83.96575132936044,28.038559707864295],[83.98258120435918,28.037346707684435],[83.9974903289156,28.04684702077344],[83.99947939186052,28.034094144928872],[84.03403532886739,28.019295020049185],[83.98145664261,27.99740226949916],[83.98183607917179,27.97262733208578],[83.96909282877107,27.9579428329954],[83.98020057929335,27.910005706997822],[83.95399189231205,27.889236019926443],[83.94305007929779,27.894137332272123],[83.94433001691681,27.875806894372715],[83.92683914111353,27.868047957447345],[83.91280670356656,27.87251651962174],[83.91220007937022,27.880068332787403],[83.88305995505294,27.88215189559355],[83.87961514152562,27.88817576959616],[83.86318309242586,27.882147147173157],[83.86044470445961,27.87336477006812],[83.84726246708925,27.881433206877034],[83.84756689119911,27.86830352049111],[83.82297176693356,27.87757276986747],[83.80927626668642,27.873041707508833],[83.76431769530546,27.909776210803557],[83.75915864175795,27.902923707762966],[83.74678914240508,27.90776627009734],[83.74505908061212,27.899895082492094],[83.7211560170366,27.920025331803686],[83.7003726422837,27.91679345795177],[83.69147320492453,27.923723457371693],[83.68509270386522,27.916224583697613],[83.67769620361696,27.927311084139262],[83.6570092667643,27.902296645573813],[83.63634595420245,27.89916370793884],[83.63553757969561,27.913965645897918],[83.62304345409217,27.91747001972567],[83.628180704476,27.925882145944342],[83.57664989207893,27.930054332941154],[83.57304820441118,27.94285252022769],[83.55048576740433,27.92793170808193],[83.53994682998228,27.927903645636775],[83.53302932844082,27.93899295735912],[83.52610214299955,27.92394645776284],[83.51073151604669,27.940609957283755],[83.50794351787908,27.928372958645184],[83.48588814202418,27.922525145818895],[83.46250926628966,27.934223020675915],[83.45092914146676,27.92828608323623],[83.44216833010444,27.932657457475727],[83.44549757895015,27.944647457314375],[83.46361132879986,27.953685894788237],[83.48519982880913,27.9816113326969],[83.52387095468089,27.963731581947002],[83.55199457888676,27.976619457721824],[83.57935782900068,27.974151645182303],[83.586168016241,27.987301957519378],[83.6053476416804,27.997094395589954],[83.60694764172035,28.01186220787463],[83.62913276726346,28.00530826986079],[83.63712020393433,28.017452832582194],[83.65796595386576,28.011615082270282],[83.69563389139103,28.026803020043417],[83.69990926659943,28.032812020158644],[83.69055076670458,28.03810945778531],[83.69604689155085,28.052219270303112],[83.71474913616379,28.063457576306178],[83.70567264117949,28.090121707850585],[83.71942539136876,28.089920457563096],[83.73209339189657,28.10129270769238],[83.70735132920055,28.118340519899107],[83.71088695357008,28.130211707604246],[83.73283676700328,28.147868957986077],[83.76150920428643,28.146010769781242],[83.7680994542265,28.17046008246689],[83.75832470402196,28.190138395470626],[83.78531764209555,28.196686020243703],[83.80864689144096,28.219317395681344]]]}},{"type":"Feature","properties":{"id":4,"name":"Tanahu","province":"Gandaki Pradesh"},"geometry":{"type":"Polygon","coordinates":[[[84.40231994650838,28.126580109384577],[84.44573033228909,28.10418077522263],[84.47977155041679,28.0579833742334],[84.4682343412419,28.050588672629203],[84.45933802273163,28.003531651964238],[84.42298975936995,27.977508650703726],[84.42306678000796,27.95751271513973],[84.50870101663867,27.92281601984348],[84.50360301716557,27.91540008254782],[84.54066808066744,27.917240706993084],[84.54755301685827,27.90467502053582],[84.54289064268909,27.875600206784156],[84.56101082988596,27.858212457139246],[84.55732676791604,27.835580332566337],[84.52410789256527,27.8320957699039],[84.51924370513296,27.815922457555416],[84.46829026738197,27.824173457639006],[84.46706632964748,27.81870133210083],[84.4479385798017,27.822936707263295],[84.43490670458078,27.813181207047137],[84.43340814177236,27.78665070756415],[84.46362220500083,27.772775145056926],[84.47281726750293,27.7519557695432],[84.45269564268983,27.759112707485485],[84.43918614292619,27.742605520028803],[84.42417358014666,27.741093207485562],[84.41964739301284,27.758853707232845],[84.3806108294263,27.77896295737463],[84.36989545491139,27.774273894924363],[84.36286982967897,27.753373269261033],[84.34209782955128,27.743768706760477],[84.32826283006563,27.747836707298234],[84.3177812675915,27.763112394621373],[84.31599520501476,27.785200019265517],[84.30222276776658,27.79215576987292],[84.30785807978663,27.81864714435028],[84.29347070410978,27.8377067075985],[84.26968864251688,27.832292519983866],[84.24228789247229,27.84644133250157],[84.22983001674191,27.845496895065708],[84.22756851677372,27.83640508192906],[84.21566995460478,27.84633883227133],[84.21161526763058,27.838553707087954],[84.20430532982715,27.85222502006866],[84.1929425171835,27.846401832478648],[84.1754459549669,27.852212832456303],[84.15830714216094,27.839460019564285],[84.15788307944064,27.848102581768785],[84.12681720534982,27.845465270405953],[84.12880289223972,27.85902445771262],[84.1188892669262,27.85063727059361],[84.1112635798504,27.861607520170992],[84.1047435174994,27.85479827002422],[84.09779364216291,27.85822408267535],[84.10295901704507,27.866187707097083],[84.08255857991458,27.869651456749352],[84.05573620456227,27.84890139558297],[84.02297932983225,27.861691083376854],[84.02064995443192,27.85073208251964],[83.97362307994126,27.87243326937994],[83.95001945463417,27.869414394558703],[83.94050651686234,27.880726520512553],[83.94305007929779,27.894137332272123],[83.95399189231205,27.889236019926443],[83.98020057929335,27.910005706997822],[83.96909282877107,27.9579428329954],[83.98183607917179,27.97262733208578],[83.98145664261,27.99740226949916],[84.03403532886739,28.019295020049185],[83.99947939186052,28.034094144928872],[83.9974903289156,28.04684702077344],[83.98258120435918,28.037346707684435],[83.96575132936044,28.038559707864295],[83.94321657978139,28.061330082517372],[83.94172295425102,28.068245207150653],[83.97142876742373,28.075021332568497],[83.96114089193867,28.079337395804203],[83.9629251423815,28.086219769826585],[83.99436820472891,28.099306894897325],[84.00047814115334,28.113429395949936],[84.02912214187342,28.105271894782163],[84.02801464206215,28.095854207805473],[84.03464482909567,28.09931164511636],[84.04927914151921,28.084264208426532],[84.0603960795155,28.088054895816867],[84.07178164230902,28.07753489541915],[84.10784157942538,28.110338707565347],[84.14684301729147,28.105963583152914],[84.16054295479358,28.097017645448034],[84.22156420482423,28.09968764446927],[84.23465139194826,28.078530895484505],[84.31167932973733,28.10713208307925],[84.33160933060617,28.123921895978754],[84.40231994650838,28.126580109384577]]]}},{"type":"Feature","properties":{"id":5,"name":"Arghakhanchi","province":"Province No 5"},"geometry":{"type":"Polygon","coordinates":[[[83.00646789148004,28.111768519901318],[83.03139426573284,28.09894920753993],[83.04170657849585,28.105323082394364],[83.04720151623707,28.100858082434627],[83.05085364148243,28.11098420765512],[83.07058045402476,28.10933014576966],[83.0751945777676,28.09062839488456],[83.10071901557018,28.09443727016395],[83.10426414127716,28.077049520518983],[83.1273491410501,28.084302957515547],[83.12731645339164,28.069150145462913],[83.15234245364138,28.059591769444637],[83.18588582866812,28.087467207745476],[83.2318410791026,28.048184957469857],[83.23552895419795,28.020817020089453],[83.25451351578619,27.98677520750988],[83.26488207844523,27.988773582934527],[83.28242126582882,27.967409082463234],[83.30293570371981,27.967579957249256],[83.30452739132613,27.954673020343648],[83.28060314062247,27.931278769799462],[83.28934257869713,27.924483019375884],[83.31010957859422,27.927469957472624],[83.30862701742296,27.91457902040554],[83.29981482959079,27.9091262078083],[83.31305776760195,27.901546207191757],[83.31109970338866,27.888684519674882],[83.33245401633985,27.8749832080087],[83.31947270460171,27.86002126986574],[83.30260257864614,27.859623394504126],[83.31212276585302,27.851347583024562],[83.29178464184781,27.827794770312437],[83.25015314115461,27.83169952051651],[83.23301457836016,27.823087769984625],[83.24981914104058,27.80824101970734],[83.24737389249123,27.789949270642353],[83.26043789149554,27.784825769993347],[83.24831632803614,27.750978582395703],[83.23952182896932,27.750185894763263],[83.22774364195556,27.76302908232634],[83.18777764072559,27.753880895187194],[83.12899389135504,27.76877120682576],[83.12357264046506,27.761613894765503],[83.10198526640698,27.769076770376728],[83.09539651563676,27.78280383233107],[83.09188782866045,27.771079769216044],[83.05449789046531,27.75651533231678],[83.01803414066313,27.809880956840743],[83.02166989015336,27.820472706949943],[82.99841564066935,27.79267620664166],[82.96263014066852,27.79543095687319],[82.9318442030476,27.784156769719175],[82.90085857816092,27.793482269890887],[82.80137720299558,27.79382376945148],[82.79615070299263,27.805794520201005],[82.78944764119575,27.79428151987628],[82.75042220402156,27.822902644541443],[82.75775220390113,27.835197019926568],[82.80928607848978,27.857156707016486],[82.79394520380816,27.865253769246124],[82.81096489061724,27.867930707436244],[82.80733864156514,27.878866395168075],[82.82623745369557,27.90549751979478],[82.85030051565633,27.90102795757423],[82.86941851505247,27.90943914579998],[82.878977453147,27.900986707470622],[82.89708095342331,27.913981644837065],[82.91771520349391,27.903985770227166],[82.94497689137052,27.9308696448183],[82.99043532842774,27.925272144793723],[83.00615157833272,27.932021957847155],[83.01627276627522,27.922478645473177],[83.01871257842282,27.956327770210464],[83.00160326517863,27.97759108256247],[82.95433607834741,27.99394445807036],[82.97551370419416,28.006327770110545],[82.97682364049865,28.03079426973983],[82.96351514101099,28.046124332771797],[83.00390820330102,28.09569977082782],[83.00646789148004,28.111768519901318]]]}},{"type":"Feature","properties":{"id":5,"name":"Banke","province":"Province No 5"},"geometry":{"type":"Polygon","coordinates":[[[81.68761263881231,28.337743145329966],[81.78819445231215,28.295088208054437],[81.7954407019269,28.273718770305038],[81.81027320244641,28.282868333406896],[81.84535020215014,28.271882645167977],[81.8664718272131,28.2496875830156],[81.86271901477079,28.238579520428573],[81.88470095198738,28.24338902098657],[81.9233779909016,28.226751344598938],[81.92851257299691,28.209331530525787],[81.96450042675337,28.194263475978687],[81.96707916257333,28.18435479963432],[81.97973632806912,28.182729738186936],[82.0043982018156,28.15790164544461],[82.01972301460552,28.134322520368073],[82.02284889076378,28.099175895151518],[82.17601582696892,28.0458306447685],[82.19576832774618,28.025095957512463],[82.18779557790367,27.994915457882144],[82.19415914023222,27.95316314496324],[82.13536307734421,27.962082832356884],[82.12138732766311,27.94863576982499],[82.07160232778523,27.952473019614217],[82.06455032723585,27.921593458071698],[81.97009851493459,27.92882952016629],[81.92727732718697,27.875672145353292],[81.92802501454287,27.859647769728838],[81.90143664008895,27.853702832819522],[81.88682807795351,27.85714808251805],[81.83458364002303,27.897947020538595],[81.80675032776549,27.90325695784236],[81.70016538942122,27.988089581968666],[81.62617326428477,28.00127108279429],[81.50671388873502,28.068759707494564],[81.50575482652408,28.07568102036288],[81.51603357658837,28.0743092700568],[81.52655557617896,28.08415183274093],[81.50521126368892,28.104256645627743],[81.51280176389037,28.107558707968053],[81.5029665144931,28.11740320779188],[81.50764401435981,28.122374582720852],[81.50045001445665,28.126545832624117],[81.5062008893596,28.127905583276117],[81.50058732654395,28.144868520166142],[81.52418113934817,28.157126582725652],[81.5200032641394,28.17883870804002],[81.53098457717653,28.18255995787581],[81.52984195254413,28.194849708047627],[81.56335920226542,28.207174770099584],[81.56391345264376,28.217648208098353],[81.57405938902963,28.217522519748513],[81.59123201454588,28.240167332856174],[81.6082581396015,28.23581933199665],[81.61432976400744,28.248661583365447],[81.64896826507345,28.266099957646986],[81.64245195199607,28.2794987706518],[81.65520488899449,28.293683770089956],[81.6639133274382,28.287225020818084],[81.67857145211087,28.322243395516352],[81.6802640139731,28.313650207890817],[81.69320101431543,28.32739289466639],[81.67534182656408,28.33741414544653],[81.68761263881231,28.337743145329966]]]}},{"type":"Feature","properties":{"id":5,"name":"Bardiya","province":"Province No 5"},"geometry":{"type":"Polygon","coordinates":[[[81.29591832656956,28.673268708284297],[81.32285432676582,28.667514958248773],[81.31197163878016,28.651014333144985],[81.31809063857219,28.636666833407673],[81.40272970161448,28.606760082911535],[81.42639401407257,28.587684333665095],[81.42351420141932,28.58124527055287],[81.43974270246383,28.559444458594953],[81.46720901398487,28.55369202067027],[81.47786495140645,28.539682645337848],[81.50787176407073,28.528180207550577],[81.54051676403748,28.494561832662498],[81.55910857639975,28.49487695780539],[81.66022995165099,28.415312144939605],[81.67608282656124,28.41749720792984],[81.71842626476035,28.384000145290543],[81.76849807732447,28.370030020868796],[81.74687276446656,28.3131350825181],[81.71946514000427,28.319570207499112],[81.70386407706559,28.33435952077531],[81.6754184523997,28.337535582701037],[81.69320101431543,28.32739289466639],[81.6802640139731,28.313650207890817],[81.67857145211087,28.322243395516352],[81.6639133274382,28.287225020818084],[81.65520488899449,28.293683770089956],[81.64245195199607,28.2794987706518],[81.64896826507345,28.266099957646986],[81.61432976400744,28.248661583365447],[81.6082581396015,28.23581933199665],[81.59123201454588,28.240167332856174],[81.57405938902963,28.217522519748513],[81.56391345264376,28.217648208098353],[81.56335920226542,28.207174770099584],[81.53002964015582,28.19508358214165],[81.53098457717653,28.18255995787581],[81.5200032641394,28.17883870804002],[81.52418113934817,28.157126582725652],[81.50058732654395,28.144868520166142],[81.5062008893596,28.127905583276117],[81.50045001445665,28.126545832624117],[81.50764401435981,28.122374582720852],[81.5029665144931,28.11740320779188],[81.51280176389037,28.107558707968053],[81.50521126368892,28.104256645627743],[81.52655557617896,28.08415183274093],[81.51603357658837,28.0743092700568],[81.50575482652408,28.07568102036288],[81.50671388873502,28.068759707494564],[81.48021095167411,28.08244008294355],[81.48584613958775,28.118153083198308],[81.45174220184123,28.140785144818608],[81.44828601458795,28.160798395029985],[81.42757913886624,28.170826083157237],[81.37649026411447,28.176858145487074],[81.36868845201053,28.16525951981106],[81.38015570112475,28.155411082755336],[81.37308045130186,28.142292145066506],[81.31980588943031,28.1334580200716],[81.32013520137849,28.145138145009412],[81.32969263940385,28.148186270280178],[81.32194938935288,28.160163082460315],[81.31242395100458,28.155480770321333],[81.30358688972325,28.165987895125284],[81.32302601363966,28.168736707133405],[81.32237220111625,28.19716970801568],[81.23449645194978,28.288899082726516],[81.2363376384713,28.3245673327163],[81.21516713975177,28.35819558305974],[81.08157526268826,28.384867582772756],[81.0609009514178,28.40787614466842],[81.0875635136453,28.43829133317854],[81.0931342012824,28.4577068957567],[81.11070757639357,28.461346583378145],[81.14901382662686,28.498110957654603],[81.16188076348652,28.501338333097635],[81.16982363874996,28.524102707474015],[81.25066601412533,28.59434302111356],[81.28928345137024,28.647917332419013],[81.2870650136395,28.67320202085665],[81.29591832656956,28.673268708284297]]]}},{"type":"Feature","properties":{"id":5,"name":"Dang","province":"Province No 5"},"geometry":{"type":"Polygon","coordinates":[[[82.1030150146313,28.258889332876436],[82.13465570209905,28.251404208037798],[82.14565514007273,28.236988894921637],[82.17128970255777,28.251429145338818],[82.20054139047284,28.242794270539207],[82.21965851572799,28.24951939540381],[82.24585245292843,28.237779832473336],[82.27734413982023,28.24834727031032],[82.30225726526066,28.245824644991444],[82.3143018278671,28.223253582586835],[82.33943414057319,28.223388770475424],[82.36901220325063,28.189696707836845],[82.37995501541167,28.184395895054593],[82.3946997025293,28.18913283201465],[82.39658601523246,28.17131652034118],[82.41085832804947,28.16080645655279],[82.46623732868983,28.141494019233676],[82.48117876498804,28.144205083098143],[82.48649020056234,28.130352769864487],[82.50590413896492,28.14975195668751],[82.54102389064008,28.131749332465745],[82.55913726547249,28.136094082276145],[82.56914788896398,28.115322583070792],[82.5969133284874,28.101302333136232],[82.59940507828179,28.09258601932936],[82.61253232840431,28.09145826948361],[82.62717807840568,28.069733894503656],[82.72064039004204,28.0471358326526],[82.69917320318086,28.029420644347283],[82.69831289012785,28.013938333287513],[82.74329970291899,27.99000745727841],[82.74842920294543,27.974482832217006],[82.7646267655129,27.976725145149373],[82.76812670388432,27.9626470193445],[82.75340001579815,27.943608395011495],[82.76635926536784,27.94111939534389],[82.7776322654168,27.925745332081476],[82.77126251485322,27.921268957496466],[82.77624151513385,27.893504582770333],[82.79255245343302,27.89105614432566],[82.79300226644148,27.880778958182418],[82.81208232793716,27.87089583247672],[82.79394520380816,27.865253769246124],[82.8090328905555,27.85692439504487],[82.75775220390113,27.835197019926568],[82.75042220402156,27.822902644541443],[82.78901820322756,27.79442889537728],[82.7897240163503,27.80408914479824],[82.79969557778873,27.803185707454475],[82.80770276537038,27.79237808228271],[82.80593839084412,27.77715639475184],[82.7854343904848,27.76915339441365],[82.78381589049098,27.77729739495885],[82.73711801588377,27.775908457709193],[82.72488976495077,27.7583360817448],[82.6980603281217,27.756504519767816],[82.70816357818666,27.735443644808413],[82.70710757805233,27.716392081929087],[82.70120101521474,27.721798832150455],[82.67361189137574,27.7140717069438],[82.6661580782328,27.721912206982836],[82.62078782779605,27.702083207174326],[82.6069823899254,27.70578483200444],[82.59562314039567,27.696758582142877],[82.54308432737986,27.685553707537622],[82.5181842034383,27.690252832502267],[82.47514876480369,27.676329769603228],[82.45130745227715,27.678454082489964],[82.40355257838883,27.702716269640177],[82.36908514006723,27.742504519867737],[82.30580670321683,27.772461582036442],[82.21017214033208,27.842976831915337],[82.15589676522359,27.866055519346787],[82.15190520346243,27.857781770012707],[82.12524551546824,27.864892145556098],[82.06706826528824,27.925140957988845],[82.06926432788646,27.950559894523565],[82.09693663991408,27.95521770733137],[82.12138732766311,27.94863576982499],[82.13536307734421,27.962082832356884],[82.19399557783373,27.952959269554697],[82.18779557790367,27.994915457882144],[82.19544395307605,28.02611858290635],[82.17477676533554,28.046592519829005],[82.02284889076378,28.099175895151518],[82.0203724528265,28.13201870729756],[82.00942993114649,28.1509399593117],[82.02004241962203,28.181690233417612],[82.03105926487325,28.18757058911143],[82.02494049081105,28.20108796963416],[82.0440357022859,28.23005520738195],[82.05510720293512,28.2416093328045],[82.07040114020054,28.236883582511382],[82.1030150146313,28.258889332876436]]]}},{"type":"Feature","properties":{"id":5,"name":"Gulmi","province":"Province No 5"},"geometry":{"type":"Polygon","coordinates":[[[83.16961732847699,28.25795026978915],[83.18699389055564,28.27048614551927],[83.27587695325883,28.18738295725774],[83.30829495444863,28.19772383248892],[83.33222876584495,28.188890020458132],[83.35753370341774,28.197316269630164],[83.42532120341087,28.125054457197507],[83.47572089080654,28.132153832233598],[83.47613839117389,28.118854708178276],[83.4877908916364,28.113176833044463],[83.512368140977,28.126826707086934],[83.53400814156254,28.116398957346064],[83.55598732865235,28.117234458103837],[83.56466826582789,28.092625832316344],[83.5827027665195,28.077359332467267],[83.5629850164454,28.064152707281664],[83.5635830790959,28.03556714540747],[83.58045732934232,28.033798832749994],[83.59841914143027,28.02054020786437],[83.60694764172035,28.01186220787463],[83.6053476416804,27.997094395589954],[83.586168016241,27.987301957519378],[83.57962951688876,27.974217894640162],[83.55199457888676,27.976619457721824],[83.5330507044265,27.964584332600907],[83.48519982880913,27.9816113326969],[83.44271232821143,27.93526570724663],[83.40151239148372,27.934630270570608],[83.37947414231786,27.95871358346517],[83.34739001623632,27.949720520385767],[83.34821614156175,27.931105456951343],[83.33948995409816,27.922503457768414],[83.28277507890681,27.92607808213785],[83.28548445294518,27.941615394834628],[83.30452739132613,27.954673020343648],[83.30293570371981,27.967579957249256],[83.28242126582882,27.967409082463234],[83.26488207844523,27.988773582934527],[83.25451351578619,27.98677520750988],[83.23552895419795,28.020817020089453],[83.2318410791026,28.048184957469857],[83.19494357908297,28.082746519736133],[83.18511201600677,28.087431020825022],[83.15778689085238,28.060561582151365],[83.1404048285201,28.06179408323038],[83.12627264176905,28.070639394892225],[83.1273491410501,28.084302957515547],[83.10426414127716,28.077049520518983],[83.10130039130007,28.094059769842545],[83.0751945777676,28.09062839488456],[83.06850826584383,28.098204520322383],[83.07224407840158,28.108177270664555],[83.05299095406934,28.11144114599216],[83.06108082891717,28.126664957721687],[83.05147664143391,28.140517020044513],[83.05885507789958,28.1451343327833],[83.03887776549652,28.157551082516477],[83.04416889168107,28.168532644665845],[83.03143539083067,28.174744458090345],[83.03902264178157,28.20311014561679],[83.02908151609915,28.235999520161783],[83.02395570329315,28.23494777022347],[83.05351095376756,28.24350539505798],[83.07976732909901,28.233534332743318],[83.09553476661625,28.256846083080347],[83.1115233914914,28.251624270343825],[83.12635332894303,28.25762864524586],[83.13278851597727,28.249980707143948],[83.1574942037945,28.270675145241796],[83.16961732847699,28.25795026978915]]]}},{"type":"Feature","properties":{"id":5,"name":"Kapilbastu","province":"Province No 5"},"geometry":{"type":"Polygon","coordinates":[[[83.0185693910646,27.8093838943513],[83.05449789046531,27.75651533231678],[83.09188782866045,27.771079769216044],[83.09539651563676,27.78280383233107],[83.10198526640698,27.769076770376728],[83.12357264046506,27.761613894765503],[83.12899389135504,27.76877120682576],[83.18777764072559,27.753880895187194],[83.21441882876599,27.758989707209253],[83.21746607809706,27.72691295736712],[83.23124039133103,27.694893645425452],[83.22261189182541,27.64547870757633],[83.23367695332877,27.60923533214492],[83.20626251650197,27.559648582416173],[83.23502401634533,27.513991457240024],[83.22091920315876,27.479631520278474],[83.22937020437149,27.46882289506061],[83.21890501675318,27.443684520024647],[83.23331589171511,27.43057576985592],[83.22375857869548,27.418254644136596],[83.18988020350866,27.454236770110924],[83.03613582790621,27.448690957721567],[82.95620432816725,27.46776095670282],[82.9314228913534,27.50099558188066],[82.80390364054063,27.496345519430236],[82.73714207814447,27.502761207363903],[82.73873689089487,27.51787195722511],[82.75143451599018,27.5226546444963],[82.74013451559546,27.55188108214628],[82.74905470301218,27.554883457105916],[82.75778689075247,27.5875751444774],[82.73685689053315,27.609472019318275],[82.7382367032613,27.642963957620623],[82.71370457830369,27.66491201917438],[82.72024795378007,27.68727233175275],[82.70784770390844,27.702692957414115],[82.71028539005874,27.724509958068154],[82.6980603281217,27.756504519767816],[82.72488976495077,27.7583360817448],[82.73711801588377,27.775908457709193],[82.78381589049098,27.77729739495885],[82.7854343904848,27.76915339441365],[82.79996714067107,27.773695645237865],[82.80623351506472,27.794842707624923],[82.90085857816092,27.793482269890887],[82.9318442030476,27.784156769719175],[82.96263014066852,27.79543095687319],[82.99841564066935,27.79267620664166],[83.02166989015336,27.820472706949943],[83.0185693910646,27.8093838943513]]]}},{"type":"Feature","properties":{"id":5,"name":"Palpa","province":"Province No 5"},"geometry":{"type":"Polygon","coordinates":[[[83.38029826665172,27.957742581854745],[83.41200132839862,27.93083295787477],[83.4336922665849,27.93965583325013],[83.4501105164872,27.928474582935678],[83.46250926628966,27.934223020675915],[83.48588814202418,27.922525145818895],[83.50818501732476,27.928552019959795],[83.50867701663105,27.94032289548528],[83.52575920452375,27.92392270846625],[83.53302932844082,27.93899295735912],[83.53994682998228,27.927903645636775],[83.55048576740433,27.92793170808193],[83.57304820441118,27.94285252022769],[83.57664989207893,27.930054332941154],[83.628180704476,27.925882145944342],[83.62304345409217,27.91747001972567],[83.63553757969561,27.913965645897918],[83.63634595420245,27.89916370793884],[83.6570092667643,27.902296645573813],[83.67769620361696,27.927311084139262],[83.68509270386522,27.916224583697613],[83.69147320492453,27.923723457371693],[83.7003726422837,27.91679345795177],[83.72098320511088,27.92005883334855],[83.74479720522692,27.900005145121384],[83.74678914240508,27.90776627009734],[83.75915864175795,27.902923707762966],[83.76431769530546,27.909776210803557],[83.8084118248459,27.873302276179174],[83.82297176693356,27.87757276986747],[83.8430258922312,27.86809539488661],[83.84908650803595,27.87017577139477],[83.84726246708925,27.881433206877034],[83.86044470445961,27.87336477006812],[83.86318309242586,27.882147147173157],[83.87961514152562,27.88817576959616],[83.88305995505294,27.88215189559355],[83.91220007937022,27.880068332787403],[83.91280670356656,27.87251651962174],[83.92683914111353,27.868047957447345],[83.94089282964046,27.877867832034894],[83.95085782872587,27.869211645101416],[83.97362307994126,27.87243326937994],[83.99672489253982,27.86586283240382],[84.00244432984198,27.85451983272418],[84.02342707979597,27.851031707847085],[84.0174357666474,27.85793495873139],[84.02216558007751,27.861731832558064],[84.03062182973372,27.85623133251005],[84.02234820540542,27.840665957368117],[84.02883420503457,27.82040658249781],[84.00242851706247,27.788426958537343],[83.99608207962433,27.75093389508322],[83.95257808071392,27.747315520494908],[83.9262430794546,27.726628144773088],[83.90658151722329,27.73548183272044],[83.89853120445156,27.729857645314155],[83.84702358017415,27.734833144534036],[83.84833739255669,27.709302832359867],[83.82249883055664,27.71043870758035],[83.784377829873,27.72486195721359],[83.7306345800219,27.708943332868557],[83.6806290798682,27.719889083114765],[83.7066542673806,27.682649896475596],[83.69732264192646,27.661933582368988],[83.68532782981555,27.66382039509523],[83.65522508017335,27.69088702002],[83.62361645443588,27.688121832256797],[83.61080807962924,27.701841706829384],[83.58003364253864,27.70509808181106],[83.5332435793278,27.72584489462622],[83.48938289130746,27.730338207042678],[83.47764395520443,27.7212981444938],[83.45701151636842,27.72796308312985],[83.44605507947841,27.723691208082812],[83.43407576718295,27.73919827118334],[83.41835282991923,27.741723395718168],[83.40779726762986,27.734595833231197],[83.39076333016362,27.748673896083517],[83.37304851597628,27.734891770438878],[83.35953432894615,27.752064020937894],[83.34812776698294,27.7497521454452],[83.33066126640438,27.767293082909475],[83.2620163284908,27.75677214541821],[83.26030382865883,27.785185958365332],[83.24737389249123,27.789949270642353],[83.24981914104058,27.80824101970734],[83.23301457836016,27.823087769984625],[83.25015314115461,27.83169952051651],[83.29227183068048,27.82810864539772],[83.31212276585302,27.851347583024562],[83.30260257864614,27.859623394504126],[83.31947270460171,27.86002126986574],[83.33245401633985,27.8749832080087],[83.31099045464583,27.888799082511696],[83.31305776760195,27.901546207191757],[83.2994774543211,27.910631707986965],[83.31096420343528,27.92595570778974],[83.34019482832872,27.922766270247223],[83.34821614156175,27.931105456951343],[83.34739001623632,27.949720520385767],[83.38029826665172,27.957742581854745]]]}},{"type":"Feature","properties":{"id":5,"name":"Parasi","province":"Province No 5"},"geometry":{"type":"Polygon","coordinates":[[[83.63725045364555,27.691863333026447],[83.65522508017335,27.69088702002],[83.68532782981555,27.66382039509523],[83.70806945494144,27.6586554572836],[83.72722657934321,27.672267082260078],[83.76480026611944,27.661003956767217],[83.78525345478317,27.66681826894802],[83.81390382989787,27.662175206820393],[83.81191101678007,27.635261894720713],[83.80306982940914,27.629385019403173],[83.80726870468703,27.62067420764862],[83.79935095378357,27.62007620705134],[83.8020123292057,27.612324519560957],[83.79261064206753,27.604866644180333],[83.81146145378312,27.59520414465561],[83.81016570428386,27.588523207080414],[83.82316970411858,27.592520832070818],[83.83798014157031,27.585823582592297],[83.84356651698124,27.57241283198664],[83.83368132913012,27.56547389510422],[83.83816595409559,27.54484795746731],[83.85274595376279,27.558804894230548],[83.88448876734282,27.527681519286716],[83.87796264176256,27.509989332042096],[83.89975982945265,27.49858420719545],[83.87677995503094,27.489119956920547],[83.88715382998532,27.480924018728558],[83.88980226686118,27.446313144835813],[83.89761357940324,27.437561457095626],[83.86940770500166,27.427022332614627],[83.87489882871802,27.392156893925574],[83.9077982666767,27.38839145680032],[83.88988651624976,27.35816983207212],[83.86467289134094,27.346467644066593],[83.83205082858291,27.370099144759763],[83.61670332899547,27.46937845754985],[83.61284570416598,27.489669582085583],[83.59511220476452,27.501574019525435],[83.6003288293121,27.51916264444054],[83.58869901694612,27.531902707643894],[83.59829470403741,27.546532457806734],[83.5922087039686,27.55059445716853],[83.5978820797942,27.57256651982908],[83.58260657953008,27.574703457398698],[83.58467464162146,27.588282332663596],[83.5737988298522,27.610215957400555],[83.59973845406648,27.630382457484473],[83.60470957898394,27.64787745757866],[83.6319628914743,27.664566707387678],[83.63725045364555,27.691863333026447]]]}},{"type":"Feature","properties":{"id":5,"name":"Pyuthan","province":"Province No 5"},"geometry":{"type":"Polygon","coordinates":[[[82.95068920244478,28.361888268628718],[82.98203457863298,28.359265207923045],[83.00615845364979,28.332535145280758],[83.0635977030716,28.317507519756305],[83.09937564067332,28.275723645130142],[83.07976732909901,28.233534332743318],[83.05351095376756,28.24350539505798],[83.0238523909751,28.23471695742171],[83.02908151609915,28.235999520161783],[83.03902264178157,28.20311014561679],[83.03143539083067,28.174744458090345],[83.04416889168107,28.168532644665845],[83.03887776549652,28.157551082516477],[83.05885507789958,28.1451343327833],[83.05147664143391,28.140517020044513],[83.06108082891717,28.126664957721687],[83.05243326648213,28.10602477032694],[83.03011026587615,28.09909126984627],[83.00400889139729,28.113621019894197],[83.00390820330102,28.09569977082782],[82.96351514101099,28.046124332771797],[82.97826382831306,28.019646020047844],[82.97542726585567,28.0061940202379],[82.9544605777935,27.993510019871565],[82.97565720361712,27.991794644906975],[82.99135957788229,27.97654845714561],[83.00160326517863,27.97759108256247],[83.01871257842282,27.956327770210464],[83.01664870357484,27.923354457442315],[83.01190495335095,27.919911395794315],[83.00615157833272,27.932021957847155],[82.99043532842774,27.925272144793723],[82.94497689137052,27.9308696448183],[82.91867220355942,27.904261644459382],[82.89708095342331,27.913981644837065],[82.878977453147,27.900986707470622],[82.86941851505247,27.90943914579998],[82.85030051565633,27.90102795757423],[82.82667020386685,27.90564564533031],[82.80715920253522,27.877574394942428],[82.79352970353307,27.880445145127396],[82.79277282780384,27.89090689553683],[82.77624151513385,27.893504582770333],[82.77126251485322,27.921268957496466],[82.7774723902387,27.926010082599305],[82.76635926536784,27.94111939534389],[82.75340001579815,27.943608395011495],[82.76812670388432,27.9626470193445],[82.7646267655129,27.976725145149373],[82.74842920294543,27.974482832217006],[82.74329970291899,27.99000745727841],[82.69775995275967,28.015074644679146],[82.69917320318086,28.029420644347283],[82.72064039004204,28.0471358326526],[82.62681032763459,28.069978394987004],[82.61253232840431,28.09145826948361],[82.60233813979335,28.0935610822782],[82.60930051480699,28.11929564487815],[82.59186526566953,28.14684770765564],[82.60894313951434,28.15186570703679],[82.62705357806021,28.178422706842525],[82.65983445299764,28.190618332170345],[82.68416023300841,28.19261360133669],[82.68591926556172,28.185736707782894],[82.6981481828924,28.211399624093417],[82.73494529698792,28.207323074600254],[82.76034151754703,28.179689894772878],[82.78854089164889,28.177713391759653],[82.79501645374643,28.1884573332394],[82.81632145237319,28.187359522723852],[82.82740882785515,28.199563145722664],[82.81893851550012,28.21436202059084],[82.85400789165095,28.234822582796028],[82.85050820329099,28.255672769982425],[82.88570495312115,28.271253457880846],[82.88969751582778,28.293099583079368],[82.92219507824035,28.321319083109245],[82.92929076605606,28.34848577020216],[82.95068920244478,28.361888268628718]]]}},{"type":"Feature","properties":{"id":5,"name":"Rolpa","province":"Province No 5"},"geometry":{"type":"Polygon","coordinates":[[[82.53728237907859,28.55367860368466],[82.54687195257861,28.52548995849486],[82.59975089099089,28.506755832915417],[82.61553582841583,28.51078408341874],[82.64310739029389,28.494601207679636],[82.65947845276844,28.492778520212596],[82.68829920354545,28.514758958259392],[82.68902795297771,28.52369701970173],[82.69641907797813,28.52000077011951],[82.69192507847964,28.51194027072694],[82.70518470251204,28.50899252058838],[82.73931789070815,28.5263973321712],[82.75462982880362,28.50514589626613],[82.7926298284039,28.500471645649952],[82.8348802038584,28.478102645620652],[82.88124782672588,28.47620902052995],[82.8882868284744,28.45231951963018],[82.916255452727,28.434079770265214],[82.91789170353934,28.402869706971444],[82.94557070292564,28.398292707242717],[82.95862095219525,28.365281268615718],[82.92929076605606,28.34848577020216],[82.92219507824035,28.321319083109245],[82.88969751582778,28.293099583079368],[82.88570495312115,28.271253457880846],[82.85050820329099,28.255672769982425],[82.85428320290754,28.23537764526219],[82.81893851550012,28.21436202059084],[82.82740882785515,28.199563145722664],[82.81719645315383,28.187937894718118],[82.79501645374643,28.1884573332394],[82.78854089164889,28.177713391759653],[82.76034151754703,28.179689894772878],[82.73494529698792,28.207323074600254],[82.6981481828924,28.211399624093417],[82.68591926556172,28.185736707782894],[82.68416023300841,28.19261360133669],[82.65983445299764,28.190618332170345],[82.62705357806021,28.178422706842525],[82.60894313951434,28.15186570703679],[82.59208882723766,28.14731020650089],[82.59036620283803,28.139884020531156],[82.6061968905741,28.130686019943937],[82.60930051480699,28.11929564487815],[82.59989757761116,28.092566145211492],[82.5969133284874,28.101302333136232],[82.56914788896398,28.115322583070792],[82.55976357852637,28.135861583245514],[82.54102389064008,28.131749332465745],[82.50590413896492,28.14975195668751],[82.48649020056234,28.130352769864487],[82.48117876498804,28.144205083098143],[82.47413876499206,28.139922645513707],[82.43904139024801,28.148920081996266],[82.39869182726608,28.168750332761704],[82.4087197654049,28.220547270739985],[82.42951751492143,28.22991233208853],[82.42875282678159,28.238864894199537],[82.43920120157424,28.24650214475821],[82.40548295157703,28.26206451976185],[82.37795857712666,28.31500452034237],[82.36537345182342,28.319399208606626],[82.36505807756828,28.34070708146669],[82.38118657669924,28.35161889489615],[82.38546089070758,28.37269283160896],[82.36545807802793,28.388189646035414],[82.36746201575949,28.403049333060324],[82.3550868281946,28.410301582951718],[82.35225026483789,28.421760332573342],[82.3784884522803,28.43023195793853],[82.3756965780347,28.448185270533884],[82.3974979529682,28.4603161455737],[82.40751838716392,28.47807502744064],[82.42005910574318,28.5286349227635],[82.46419220200858,28.52100395756662],[82.49305526498853,28.538097583037086],[82.49607095261246,28.55355020747612],[82.53728237907859,28.55367860368466]]]}},{"type":"Feature","properties":{"id":5,"name":"Rukum East","province":"Province No 5"},"geometry":{"type":"Polygon","coordinates":[[[82.6726266409068,28.852259020537417],[82.69759907843479,28.86462283347703],[82.71404120263946,28.851439957588013],[82.7437145161121,28.845748583630268],[82.7677648283842,28.80848564589587],[82.78369251519746,28.82417495840764],[82.80128907752896,28.820580958144774],[82.81905964068994,28.831225020918055],[82.84571964074888,28.826404958721923],[82.86952751558243,28.834145582752512],[82.89862545360188,28.824613832962086],[82.90695789089403,28.832243271110144],[82.94916951636014,28.828917333568143],[82.96782582899885,28.820254333370826],[82.98311576518046,28.800556771278025],[82.99934370324934,28.80379570840529],[83.07035045331082,28.77986245818596],[83.08124076574882,28.786055082775874],[83.11563001611239,28.743477582524463],[83.14741214085768,28.747027458450475],[83.15454232846577,28.701133458142635],[83.144344328528,28.690168333801637],[83.14844432874281,28.681684520824035],[83.13681739150945,28.673584020486203],[83.12201157837171,28.675088333559813],[83.1264019534874,28.658523833208392],[83.11676320325927,28.630705645749003],[83.09833132812832,28.63501958388673],[83.05949082843904,28.619985583068228],[83.04478476630396,28.629842958485824],[83.02108782824075,28.621597458655856],[82.97650989041915,28.626774957298494],[82.95458826623553,28.59796602001586],[82.96424407840158,28.581754208589928],[82.98742707819719,28.57072602018974],[82.97931689126159,28.54608852076865],[82.92275701602352,28.567094520895466],[82.91561764094143,28.555435271020997],[82.91601114110136,28.527457645454035],[82.8965555784772,28.51530152014908],[82.87929276534891,28.515297832928695],[82.91352670279514,28.480761582980733],[82.90847114053076,28.4756180823087],[82.83447107797792,28.478211958215354],[82.7926298284039,28.500471645649952],[82.75462982880362,28.50514589626613],[82.73931789070815,28.5263973321712],[82.70518470251204,28.50899252058838],[82.69192507847964,28.51194027072694],[82.69641907797813,28.52000077011951],[82.68902795297771,28.52369701970173],[82.68829920354545,28.514758958259392],[82.65922195353039,28.492660957237433],[82.61553582841583,28.51078408341874],[82.59975089099089,28.506755832915417],[82.57849314094574,28.513938708204876],[82.54648582775883,28.52577908333808],[82.53095007808372,28.558120019823093],[82.55531614052751,28.58151464538463],[82.57702126551902,28.579506396303202],[82.58236120240764,28.612598333246524],[82.56210476472319,28.61032545775373],[82.54768376519365,28.61833083320147],[82.54952445259147,28.62705333344462],[82.54178476565448,28.620629333077318],[82.51024888967459,28.627646832935056],[82.4877035155049,28.64051808294323],[82.49182320277862,28.659190832490992],[82.50329151579086,28.6676342704053],[82.55656051625488,28.643922645513726],[82.58084926578107,28.664571457406907],[82.60144726507929,28.669583832427975],[82.60256489035748,28.68474520782513],[82.6178100780727,28.689668208221292],[82.61714845313867,28.710193520714483],[82.60718807836719,28.71554127091298],[82.60332426530266,28.742787146010016],[82.56793182749192,28.743799582984423],[82.56382776503938,28.76787433343378],[82.62164570278702,28.80896970778582],[82.61559357838098,28.826470958168215],[82.64497157877543,28.866384583781553],[82.65799576569208,28.866573583504135],[82.6726266409068,28.852259020537417]]]}},{"type":"Feature","properties":{"id":5,"name":"Rupandehi","province":"Province No 5"},"geometry":{"type":"Polygon","coordinates":[[[83.3155080163819,27.76235195847613],[83.3368962040966,27.765096145270945],[83.37304851597628,27.734891770438878],[83.39076333016362,27.748673896083517],[83.40779726762986,27.734595833231197],[83.41835282991923,27.741723395718168],[83.43407576718295,27.73919827118334],[83.44605507947841,27.723691208082812],[83.51583751588868,27.728968894798697],[83.58003364253864,27.70509808181106],[83.60474045360911,27.70434495805341],[83.62329445487524,27.68823608302887],[83.6333512054938,27.693579208014114],[83.6359188913438,27.68813451989223],[83.6319628914743,27.664566707387678],[83.60470957898394,27.64787745757866],[83.59973845406648,27.630382457484473],[83.5737988298522,27.610215957400555],[83.58467464162146,27.588282332663596],[83.58260657953008,27.574703457398698],[83.5978820797942,27.57256651982908],[83.5922087039686,27.55059445716853],[83.59829470403741,27.546532457806734],[83.58869901694612,27.531902707643894],[83.6003288293121,27.51916264444054],[83.59511220476452,27.501574019525435],[83.61284570416598,27.489669582085583],[83.61670332899547,27.46937845754985],[83.39084689157085,27.47947233218241],[83.40398189205075,27.457449706938462],[83.38627951638665,27.436001831219585],[83.41164145389007,27.412461019960176],[83.38685914113654,27.390177519377062],[83.39014864174646,27.37569170750635],[83.37682489065622,27.36977051989362],[83.37580332826104,27.357111519780858],[83.35998670412317,27.350572831570958],[83.36124189150013,27.343062206455727],[83.33959382849247,27.33261101948301],[83.3199592045537,27.337140331760963],[83.31957789110686,27.329962831719342],[83.29363989106815,27.334805144941527],[83.26764420401685,27.365363831975344],[83.27430001633275,27.383432206531154],[83.21903845366177,27.417675457356495],[83.23331589171511,27.43057576985592],[83.21884639084834,27.444293457277297],[83.22937020437149,27.46882289506061],[83.22092457840665,27.479498456588544],[83.22315732884772,27.491311957281027],[83.23502401634533,27.513991457240024],[83.20626251650197,27.559648582416173],[83.23367695332877,27.60923533214492],[83.22261189182541,27.64547870757633],[83.23124039133103,27.694893645425452],[83.21746607809706,27.72691295736712],[83.2143279540719,27.75914026990756],[83.22785232862213,27.762993582487866],[83.23952182896932,27.750185894763263],[83.24845101590171,27.751087582925663],[83.25783164091757,27.766930332368986],[83.26673239218621,27.755982707935686],[83.28799632956702,27.75676170788654],[83.30505851563805,27.767994832895283],[83.3155080163819,27.76235195847613]]]}},{"type":"Feature","properties":{"id":6,"name":"Dailekh","province":"Karnali Pradesh"},"geometry":{"type":"Polygon","coordinates":[[[81.58100551419318,29.135891583529826],[81.58034907744803,29.108453271501332],[81.56953157682085,29.09557083302758],[81.56358620194175,29.066383583335778],[81.56887238904955,29.0517878338415],[81.60060782728948,29.04537133382007],[81.61516976497273,29.033423271167067],[81.63240457680985,29.046599208786517],[81.65288226390544,29.039995083206577],[81.69235882709825,29.049655833549934],[81.71770626483232,29.02001064547494],[81.73199857677298,29.021677395895153],[81.75307545157091,29.010177521175706],[81.77308913975207,29.019193583517108],[81.79682270180632,29.013530208152645],[81.79492932672713,29.00508627111458],[81.82085426411305,28.984611396199],[81.84343526492557,28.981207395704814],[81.850057015419,28.972218708726473],[81.87440164072319,28.97116258358642],[81.88991407727292,28.984097645889676],[81.91128801522979,28.986639021173914],[81.92156314012686,28.977624395949192],[81.92635545194258,28.924771958758924],[81.89575851494357,28.900653458990007],[81.88018463940966,28.848962083433435],[81.89116445237761,28.811330770798463],[81.91414682781391,28.779970521622317],[81.88563507779668,28.76174277011279],[81.88164113912734,28.746678645603083],[81.82619970215461,28.73254539585338],[81.80902532745694,28.694242957846257],[81.81233626430719,28.679570270451677],[81.78414951398895,28.651793271042663],[81.78299838986385,28.63463814543411],[81.71386163880362,28.656409770794312],[81.67704670194382,28.679039833221793],[81.64103007707644,28.676334145504484],[81.63185938979905,28.691932833333624],[81.61805226390089,28.689790145498876],[81.60300938947182,28.70710114520176],[81.58739282671763,28.707476645430916],[81.5644032647989,28.72357458380003],[81.54826657644139,28.748987895075345],[81.58070551384844,28.755904832741862],[81.58164988923107,28.779966083468025],[81.55865963933093,28.79747527126682],[81.51074513847743,28.889729520001424],[81.49342088906286,28.894127896385385],[81.46829057734834,28.928825021557543],[81.44639463870169,28.940355520890648],[81.44570651434424,28.958457771109295],[81.43273451418656,28.95842564642652],[81.42431945168141,28.96903764567088],[81.42690057610076,28.98018545829234],[81.41200801435843,28.996531583465867],[81.42078745157966,29.00424245882249],[81.41955588939283,29.02129264523944],[81.44142282760146,29.040218083597722],[81.44589601408984,29.053725646221665],[81.46857357600976,29.067019583886747],[81.47114876490366,29.078060334017266],[81.51246445157324,29.091081458742394],[81.58100551419318,29.135891583529826]]]}},{"type":"Feature","properties":{"id":6,"name":"Dolpa","province":"Karnali Pradesh"},"geometry":{"type":"Polygon","coordinates":[[[82.91855332847337,29.706143021683147],[82.92874351600051,29.700620647425012],[82.93745401569032,29.705456896518626],[82.95002682837548,29.692030334032722],[82.94293076554243,29.674113959291844],[82.9581034526123,29.6623830838123],[83.00252832851959,29.66456770883275],[83.01059314106067,29.672554459320907],[83.02304570359638,29.650665583949603],[83.03547207787415,29.654200959206946],[83.04536632909287,29.63082720960807],[83.06746039108424,29.626058022060135],[83.07135570380274,29.609912146228623],[83.08769776583927,29.60273739631384],[83.09216989112764,29.611980271272557],[83.11851126588226,29.61641433365463],[83.12236039121916,29.628566458775083],[83.13354170358679,29.617871271342153],[83.15208226628363,29.623822083522384],[83.16716257948951,29.615961709365422],[83.1610897041266,29.596380021320954],[83.1820177663069,29.59297139651278],[83.1988454532551,29.61112202216367],[83.2201492036229,29.605467521309095],[83.21651982852734,29.589259084139485],[83.23404576619919,29.577841270758086],[83.26321795404539,29.577584459455295],[83.27995395421169,29.568926333583477],[83.28416964141587,29.557548459094164],[83.25740376687042,29.55676089669805],[83.26948014119563,29.50742214671476],[83.28412564118543,29.498699771477334],[83.31780432910654,29.508917271414987],[83.34651795444012,29.494768770962082],[83.34440620418303,29.465807458847223],[83.35584845394305,29.451378771912857],[83.36826439158847,29.450023833533123],[83.37347414081898,29.428516646626008],[83.41636745329538,29.42081383369151],[83.42826989064298,29.40240364661105],[83.42472957900691,29.384637146587124],[83.41386551598083,29.380265396430957],[83.41718820427229,29.359011771576036],[83.4470197039962,29.340198521844343],[83.44038364079245,29.30865183331548],[83.46728782926994,29.274517521866187],[83.48928626724751,29.280132582952376],[83.49361645343663,29.264793146286706],[83.51688082838757,29.255794708858787],[83.52485995442339,29.238229458222975],[83.51720814114287,29.227978271480083],[83.52172595378977,29.217642083515386],[83.54117970428001,29.202649583711377],[83.57412770383053,29.202483271186054],[83.5781301410932,29.180146332886977],[83.59223907857069,29.174144021029804],[83.61227545394911,29.180720958305642],[83.63545407854292,29.158413896384275],[83.65946120447109,29.176071270872512],[83.6679840093546,29.16998101970836],[83.664939880671,29.156656282961137],[83.67787170361629,29.148923891324557],[83.6824946065409,29.123405889969888],[83.66230773951065,29.124393480474794],[83.65351104789659,29.119033830446995],[83.65197753923212,29.104431169662803],[83.63093566874619,29.106803911271527],[83.61768341106063,29.09827234069604],[83.63279724199919,29.080968873714596],[83.63358306870373,29.064853685449293],[83.62168884306573,29.05965234577917],[83.61462402357989,29.035909669995306],[83.61708831797154,28.98763849082377],[83.61133575504113,28.98019601633314],[83.59413147069085,28.983591096452017],[83.58211517377629,28.95609666672783],[83.56903076196016,28.943283098336394],[83.56071472200688,28.9447841819445],[83.54826355072237,28.921772020962067],[83.50153360629093,28.877145059297106],[83.50806426985025,28.865114229338246],[83.50386810333038,28.846073167842462],[83.48368072548516,28.84460069436659],[83.48236083998086,28.837701815086746],[83.49007415969476,28.80198671131774],[83.48548801565943,28.78275627058548],[83.41246082890422,28.76053858328902],[83.39053082933435,28.76297270812404],[83.36402957850231,28.73404995803918],[83.3275749541209,28.737823896455723],[83.27894132837963,28.721848771303826],[83.23128857880494,28.742756770508606],[83.21194120372365,28.731845833018838],[83.15763614109511,28.747538333627233],[83.11563001611239,28.743477582524463],[83.08124076574882,28.786055082775874],[83.07035045331082,28.77986245818596],[82.99934370324934,28.80379570840529],[82.98288651629974,28.80062727003252],[82.96782582899885,28.820254333370826],[82.94916951636014,28.828917333568143],[82.90682726616546,28.83224227106399],[82.89805414128563,28.824615958060065],[82.86952751558243,28.834145582752512],[82.84571964074888,28.826404958721923],[82.81905964068994,28.831225020918055],[82.80128907752896,28.820580958144774],[82.78369251519746,28.82417495840764],[82.7677648283842,28.80848564589587],[82.74449526524432,28.845194146192966],[82.71404120263946,28.851439957588013],[82.69759907843479,28.86462283347703],[82.70170607807313,28.88268370858634],[82.69287007799176,28.888244457815517],[82.70167264038008,28.90836295838386],[82.6884194536949,28.91715602033412],[82.66816501520333,28.96330120848404],[82.64243070261489,28.96277327136943],[82.52617264015527,29.01435883359335],[82.48689270293596,29.014830708770262],[82.45880670366648,28.989730957817528],[82.39922995280011,29.004367458291597],[82.3940732024164,29.01767545865556],[82.40735220324166,29.046292209018304],[82.40549057782795,29.072756959066453],[82.42007245258168,29.110775646578873],[82.41897151512336,29.136156333148335],[82.43621201607175,29.139110271521872],[82.44850563962365,29.157746833249803],[82.47416514030903,29.163681021462025],[82.5163743277131,29.156304583289966],[82.55690845226331,29.165517146599086],[82.58040614013134,29.1799132088276],[82.58411582738358,29.190583208948],[82.54762845329054,29.21217295901488],[82.53605332779887,29.23658295873662],[82.54214814032446,29.24381095840903],[82.53285739085595,29.25000464599765],[82.55389832784562,29.265695833595885],[82.55882532842622,29.28698302114958],[82.59264788988827,29.303042458642608],[82.59232470322252,29.32668195880541],[82.57677501495505,29.3375557713818],[82.57002939094372,29.365402896326657],[82.55003932795267,29.380274333893453],[82.56039226579048,29.4114361458615],[82.58815420335384,29.42254858365027],[82.62518370316542,29.42458245891339],[82.62585789072915,29.398197083928324],[82.64399726586117,29.385311833274557],[82.6891773285709,29.41255345817558],[82.69219195229681,29.425171521148854],[82.71649832763575,29.43139652133243],[82.73725901609077,29.46784927062737],[82.72546320326427,29.479280958749314],[82.7337491402107,29.50765183446464],[82.78351982827752,29.514328458891328],[82.80516589119298,29.55146477118228],[82.82117432813277,29.55942339627279],[82.79626457784804,29.631525208521623],[82.80034239088866,29.639472396933627],[82.8289880166837,29.649057521487464],[82.82908770293523,29.689803021792045],[82.86265801535518,29.684558083888533],[82.91855332847337,29.706143021683147]]]}},{"type":"Feature","properties":{"id":6,"name":"Humla","province":"Karnali Pradesh"},"geometry":{"type":"Polygon","coordinates":[[[81.62814182718364,30.44592777304831],[81.72866376472103,30.411363459755933],[81.73352120184205,30.398326710209574],[81.75295357724588,30.388815396613325],[81.81083076502784,30.387302897011125],[81.82822357695659,30.37509558409397],[81.86953776445631,30.377360023046663],[81.88400639028276,30.360832084633046],[81.91634295156604,30.35001783415578],[81.94134539047747,30.347589272526932],[81.951185765111,30.35898239682018],[81.96406014026331,30.35081820919305],[81.95852332738968,30.341280147061184],[81.9902838899896,30.320828085247967],[82.01401545285091,30.329205584869896],[82.01816288960572,30.344185397937792],[82.05787070177155,30.332620272008],[82.07565338959233,30.358845147685486],[82.11121220288089,30.346256022197736],[82.13016514070875,30.302197146980802],[82.11129876532584,30.277215646984587],[82.12001626443913,30.2588636469398],[82.10028370253093,30.239235209437425],[82.11125782728698,30.226031897354233],[82.12949770255699,30.22552858457658],[82.14099739021742,30.198934772821588],[82.16062782781205,30.18931233449672],[82.18636101534861,30.190843522010994],[82.18394201441248,30.16089339721259],[82.20744370246496,30.153651396894475],[82.20072689003399,30.13629227177097],[82.17270376506679,30.122002647004592],[82.18843732782045,30.11095852261775],[82.16776401479751,30.081439896134327],[82.17356895244524,30.065458021570464],[82.23311657696848,30.06488139695898],[82.24861214043801,30.075218334958265],[82.2832149528079,30.061172334735488],[82.2871375779369,30.04725645921826],[82.30040864044645,30.03790583378725],[82.31758720328685,30.040351147087847],[82.32186970292452,30.049516897087187],[82.33602489073616,30.046922272045265],[82.36491314012937,30.010445022519832],[82.37976476473216,30.011192208953332],[82.3778640152122,30.02643364739498],[82.39740839128427,30.024006021960417],[82.43406245291993,29.98901914691612],[82.47807939005185,29.97365177191182],[82.47578851462828,29.965271772174617],[82.49954932793918,29.947357771643908],[82.49016795288878,29.92913958442432],[82.47261407777751,29.919573459847356],[82.47621926560669,29.90666408487965],[82.46977564113297,29.898855834529172],[82.4495348912223,29.888684834937237],[82.46123889046248,29.881503209705443],[82.4635242035792,29.863689772265218],[82.43693626529648,29.86076570937007],[82.4317852651779,29.835191396066136],[82.44034332708293,29.8155508339039],[82.40284226505855,29.805347084600328],[82.41469957802315,29.778243646826866],[82.3994290770903,29.761206146246707],[82.41616907834037,29.732120146727425],[82.4128722023903,29.71400808400591],[82.39210164027855,29.695841583522338],[82.3414737661015,29.715862709096825],[82.31503926564966,29.71226645873014],[82.2839005779494,29.692308584273803],[82.26337551546771,29.702847521695844],[82.23363589048404,29.70051370904048],[82.23622726537604,29.66273408381096],[82.19443907760143,29.653186022117268],[82.1580611402095,29.6582432094566],[82.14448064076902,29.645813334118145],[82.10464082701259,29.634796521242492],[82.11555701474447,29.652896583410666],[82.10264463963847,29.665685584122457],[82.10312832830977,29.6862796470881],[82.0631058901248,29.728342209025755],[82.06219826553757,29.746195709464473],[82.04714482677241,29.750957708731335],[82.01723726508777,29.73577170899722],[81.99468838985734,29.704220084089684],[81.94865920256018,29.67514639628922],[81.93245563971607,29.677632083753736],[81.91954138952354,29.663764333657127],[81.8916037649019,29.66746052208549],[81.87433620245383,29.63504858412489],[81.8548065150087,29.61939952167063],[81.7919301389648,29.627387021294055],[81.77558239051496,29.60579708326884],[81.75228363987816,29.60489352091929],[81.71760132654003,29.620844208793244],[81.70119307709888,29.64205689650862],[81.69924701433831,29.68085895827437],[81.71583457690429,29.722298021136794],[81.72882520202154,29.73412370944169],[81.74160276425624,29.79249295948256],[81.76633313936293,29.801816646620978],[81.77547045189988,29.798143084236017],[81.78217432758322,29.807054084178674],[81.78259539016517,29.83927577145971],[81.79602670287011,29.848840646878386],[81.80103745281627,29.90168683467971],[81.78178776479359,29.91106845884235],[81.71780595198317,29.909429146737807],[81.6895933272703,29.949087272259874],[81.66694695204023,29.940296272455043],[81.64742576498713,29.9481665841206],[81.62841395214224,29.93837658411212],[81.61468907733911,29.943241334519996],[81.60442376404552,29.930165397015514],[81.58669126469016,29.9368635844869],[81.55115782757173,29.923169396350602],[81.51866582746601,29.92278689669797],[81.51871982635896,29.904344271970615],[81.50576995222156,29.892883772268306],[81.47246432736688,29.88983345894701],[81.45820364008597,29.901193833528623],[81.46446445127344,29.920970147454398],[81.45464738886596,29.94904252199484],[81.47046426481404,29.963705271880826],[81.46492801401666,29.99556595960138],[81.40310495183212,30.0228399591968],[81.38371326445565,30.007227896650136],[81.35881001447063,30.010566584780122],[81.2737172650398,30.04528289698817],[81.29131495152387,30.074361210001882],[81.28696632743413,30.105158209283957],[81.2922559517508,30.11255183439971],[81.2580122018017,30.146568834684047],[81.30662713963085,30.164294959644735],[81.31852832602146,30.15200052220638],[81.33389588898416,30.153252522386026],[81.35240420199239,30.178076897330982],[81.3982195152185,30.2090325846861],[81.39377645152206,30.250569271654626],[81.41019338931352,30.261099834589743],[81.41838082711354,30.281701209043604],[81.40136926477982,30.28160333492599],[81.40369251489773,30.29313121003736],[81.42505670240496,30.305144335043053],[81.3981777641925,30.323460647291085],[81.40782207672754,30.353211084823783],[81.39706213990587,30.367988709611325],[81.42188576391692,30.370624334745287],[81.43112545167833,30.38344852233149],[81.40247220143101,30.3962657095949],[81.40983113879605,30.42112139713481],[81.44680751475505,30.41595889738528],[81.49125676408846,30.38132133431219],[81.55363238952322,30.36986877202628],[81.55258532685139,30.402702271692533],[81.56126695200828,30.407480772619635],[81.5626283888891,30.42807889692358],[81.60862051512476,30.41222170976414],[81.62376288964572,30.424426897583317],[81.61974113944211,30.44595439747752],[81.62814182718364,30.44592777304831]]]}},{"type":"Feature","properties":{"id":6,"name":"Jajarkot","province":"Karnali Pradesh"},"geometry":{"type":"Polygon","coordinates":[[[82.28588207759589,29.12209758413627],[82.28751851546718,29.115853896040505],[82.3032589526386,29.119707896602222],[82.32380389013747,29.110016958715732],[82.35432920243079,29.11646789557699],[82.41371670356307,29.095493208045184],[82.40549057782795,29.072756959066453],[82.40735220324166,29.046292209018304],[82.3940732024164,29.01767545865556],[82.40068982767349,29.002831958528134],[82.45966363976521,28.989825396524907],[82.48689270293596,29.014830708770262],[82.50843420257644,29.015748770889104],[82.53745745369861,29.01127914571606],[82.58209495361928,28.99035577080224],[82.55391795375061,28.987675958378816],[82.51516882787917,28.949873083875787],[82.51800032805278,28.930541770686204],[82.5063012031381,28.921225207977045],[82.50938139013908,28.89482977137692],[82.49870888990341,28.87860758357317],[82.47311813969043,28.86817977087975],[82.45744401582874,28.873380332636316],[82.43267501573945,28.85125808319401],[82.40218857754087,28.841840521223105],[82.37740601477583,28.821943145959494],[82.35950907798161,28.79186589569457],[82.3377197656547,28.78405295807761],[82.29616188975945,28.784961270646193],[82.28530226578698,28.76211677117209],[82.29199564008678,28.738089458161994],[82.2778220782264,28.705995208412162],[82.28186007738071,28.694204145804747],[82.24927076523369,28.712309771179036],[82.21099932685752,28.675889520684905],[82.19897764030594,28.683188270922017],[82.19209607747206,28.628212207927106],[82.17054157723209,28.61166127025149],[82.14464432817329,28.615778333303467],[82.14643370295306,28.624464333662104],[82.14011626505362,28.626466707472616],[82.08415139027449,28.6180578332025],[82.05624201425763,28.634724083749518],[82.05825914054697,28.64455770807183],[82.0451905145307,28.63645433350075],[82.03258420209932,28.644755895268418],[82.01016651457303,28.64514827127573],[81.94942138968543,28.636044770549745],[81.8795735779583,28.648319582982424],[81.86080845184864,28.693271520963947],[81.82186332683114,28.723994521330155],[81.8379995772188,28.740571770470865],[81.88164113912734,28.746678645603083],[81.88563507779668,28.76174277011279],[81.91414682781391,28.779970521622317],[81.89116445237761,28.811330770798463],[81.88018463940966,28.848962083433435],[81.89575851494357,28.900653458990007],[81.92635545194258,28.924771958758924],[81.92156314012686,28.977624395949192],[81.96011445202038,28.985545833173717],[81.98622507782511,29.0027833339837],[81.98780007761155,29.012566708686734],[82.00240026436074,29.015652895964422],[82.0096176403419,29.030606958744215],[82.04112857722214,29.01186864592131],[82.05162957764293,28.980683395822098],[82.08020957721027,28.969299520156767],[82.09718632768693,28.974341520644714],[82.10212120273138,28.98434858282087],[82.12487201533128,28.994509832862548],[82.12057145191102,29.014421645842333],[82.14854332721285,29.03249795871386],[82.14969257715074,29.04812295800815],[82.1693292029804,29.069256833636018],[82.18248826482164,29.061778771173408],[82.20032613953975,29.07328039597354],[82.20291201507752,29.088921145994163],[82.22569132719303,29.09378808355325],[82.22738163985088,29.104636208794034],[82.26455245283347,29.10709927111452],[82.27160101527471,29.11390570818196],[82.26639151515633,29.121410145961534],[82.28005620283153,29.127438459017696],[82.28588207759589,29.12209758413627]]]}},{"type":"Feature","properties":{"id":6,"name":"Jumla","province":"Karnali Pradesh"},"geometry":{"type":"Polygon","coordinates":[[[82.33059364028435,29.507822021269305],[82.36549007770498,29.490380270932803],[82.38819751510329,29.501569520716885],[82.4124516407307,29.46386120902764],[82.41311895297736,29.451245646169696],[82.4343453904275,29.443325146038717],[82.45012789068966,29.450195896323635],[82.4547140149399,29.464470521297585],[82.48288414039081,29.48558677111265],[82.4999998900829,29.49146883371975],[82.5075622648867,29.47055314621076],[82.50426901590242,29.445611146237468],[82.51488957759199,29.420664709009145],[82.54367520354788,29.420716396644423],[82.56039226579048,29.4114361458615],[82.55003932795267,29.380274333893453],[82.57002939094372,29.365402896326657],[82.57677501495505,29.3375557713818],[82.59239432783602,29.32650677087082],[82.59264788988827,29.303042458642608],[82.55882532842622,29.28698302114958],[82.55389832784562,29.265695833595885],[82.53285739085595,29.25000464599765],[82.54214814032446,29.24381095840903],[82.53605332779887,29.23658295873662],[82.54762845329054,29.21217295901488],[82.58411582738358,29.190583208948],[82.58040614013134,29.1799132088276],[82.55690845226331,29.165517146599086],[82.5163743277131,29.156304583289966],[82.47416514030903,29.163681021462025],[82.44824251508004,29.157625583953575],[82.43621201607175,29.139110271521872],[82.41897151512336,29.136156333148335],[82.41371670356307,29.095493208045184],[82.35432920243079,29.11646789557699],[82.32504270355798,29.109975396547384],[82.3032589526386,29.119707896602222],[82.28751851546718,29.115853896040505],[82.28005620283153,29.127438459017696],[82.26639151515633,29.121410145961534],[82.27160101527471,29.11390570818196],[82.26455245283347,29.10709927111452],[82.23067376468254,29.105648208697914],[82.22168163959606,29.09015008395926],[82.20291201507752,29.088921145994163],[82.20032613953975,29.07328039597354],[82.18248826482164,29.061778771173408],[82.1693292029804,29.069256833636018],[82.14969257715074,29.04812295800815],[82.14854332721285,29.03249795871386],[82.12057145191102,29.014421645842333],[82.12487201533128,28.994509832862548],[82.10212120273138,28.98434858282087],[82.09718632768693,28.974341520644714],[82.08020957721027,28.969299520156767],[82.05162957764293,28.980683395822098],[82.04112857722214,29.01186864592131],[82.01314370222013,29.030388645619553],[82.0189335150697,29.0919717713802],[81.94974276511658,29.12919995841139],[81.945898452052,29.149403271343942],[81.9054913900157,29.157178521071955],[81.89649088954297,29.172765959281662],[81.91004813970994,29.187998396408943],[81.91067451481706,29.20570908360736],[81.87056326498276,29.225705458939842],[81.85173501455932,29.244471084173256],[81.84968164019557,29.26633177119436],[81.88118307753706,29.27278464609458],[81.90923495203145,29.321906021845507],[81.9321345151958,29.33284877105399],[81.92621532677595,29.38458527189283],[81.93219545235831,29.394737333561125],[81.93060357679371,29.433339708960432],[81.94004182766827,29.44377833420282],[81.96619345266578,29.44579952093119],[81.98095964077487,29.47295633436738],[82.0079977652847,29.472945958888943],[82.01612707810222,29.461483896164907],[82.04300326528852,29.482792958828043],[82.07872695308646,29.483753209043414],[82.10385389054466,29.458646895737672],[82.13281207751544,29.46985327131148],[82.14445176533678,29.45707470903062],[82.14550289024623,29.42914970909186],[82.16293126586527,29.416967021410983],[82.18596039075948,29.406101584220778],[82.21561670254886,29.406867396513178],[82.22396845278195,29.42845177133222],[82.2415590148367,29.438827084302545],[82.24928601503763,29.43335039650367],[82.2686568903033,29.444970834336573],[82.29623126526076,29.442788083503274],[82.30810170203199,29.478677708809244],[82.30242595289548,29.494017146374233],[82.33059364028435,29.507822021269305]]]}},{"type":"Feature","properties":{"id":6,"name":"Kalikot","province":"Karnali Pradesh"},"geometry":{"type":"Polygon","coordinates":[[[81.8500890780486,29.460604146963874],[81.86892807716907,29.460523083873284],[81.88664320252184,29.44340245895637],[81.92341132787055,29.444395458883378],[81.93274788970342,29.437326333443593],[81.92621532677595,29.38458527189283],[81.9321345151958,29.33284877105399],[81.90923495203145,29.321906021845507],[81.88118307753706,29.27278464609458],[81.84968164019557,29.26633177119436],[81.85173501455932,29.244471084173256],[81.87056326498276,29.225705458939842],[81.91067451481706,29.20570908360736],[81.91004813970994,29.187998396408943],[81.89649088954297,29.172765959281662],[81.9054913900157,29.157178521071955],[81.945898452052,29.149403271343942],[81.94974276511658,29.12919995841139],[82.0189335150697,29.0919717713802],[82.01349726528662,29.029535520847674],[81.95979520258658,28.985367583946868],[81.92182501551213,28.977573021277976],[81.91180576482424,28.98664908368829],[81.89060188956563,28.984266833547565],[81.86661732762764,28.97091970817803],[81.82085426411305,28.984611396199],[81.79492932672713,29.00508627111458],[81.79682270180632,29.013530208152645],[81.78471401394063,29.01755608354648],[81.75307545157091,29.010177521175706],[81.73199857677298,29.021677395895153],[81.71770626483232,29.02001064547494],[81.69235882709825,29.049655833549934],[81.65288226390544,29.039995083206577],[81.63240457680985,29.046599208786517],[81.61516976497273,29.033423271167067],[81.60060782728948,29.04537133382007],[81.56551620191124,29.053597770720614],[81.56778757643553,29.089272833974178],[81.58034907744803,29.108453271501332],[81.58256251494817,29.135521646506845],[81.56972682773096,29.126706458536262],[81.55539151470668,29.12826683354757],[81.53661520193009,29.137155083340474],[81.52644076512928,29.152686832831137],[81.50086057655443,29.151686271404344],[81.48387170141797,29.20053783345429],[81.48880451431694,29.226911895867374],[81.50139345184641,29.23880814587926],[81.49297663926058,29.26163764556094],[81.4698283892688,29.27184552185338],[81.48563113866618,29.279560583554144],[81.50973476454783,29.31456570854067],[81.52565570284844,29.315079270891715],[81.5602302018624,29.357865583829664],[81.568804389511,29.347797458585887],[81.58357120174963,29.364781208486022],[81.61545713883595,29.37074895939702],[81.63651913884723,29.364372083504918],[81.64587938882278,29.35430439623093],[81.64953532719363,29.32140995850284],[81.6703180769178,29.31701433404436],[81.70498757671533,29.330560271639285],[81.7414591398275,29.333926896309265],[81.762899452248,29.386562708402323],[81.79115401414651,29.388990020872825],[81.80709089023247,29.452604458828773],[81.8500890780486,29.460604146963874]]]}},{"type":"Feature","properties":{"id":6,"name":"Mugu","province":"Karnali Pradesh"},"geometry":{"type":"Polygon","coordinates":[[[82.56656301617033,29.94620808463543],[82.56866532804253,29.932369459083304],[82.58670782820377,29.921300772412792],[82.6043257035684,29.88905814711586],[82.64444232775128,29.870138459022712],[82.6229153908327,29.837286459402605],[82.64165357775045,29.833874084421495],[82.69915176604121,29.85534520941394],[82.71254163978489,29.83882214622514],[82.72856295231844,29.835307708983635],[82.73909320318882,29.81353277142034],[82.71221070366113,29.79277795913555],[82.69606439075909,29.791167147445947],[82.69802957850231,29.78163458466838],[82.6884478911573,29.773465334757418],[82.69203257804111,29.763123333575038],[82.72576776586976,29.770519146741265],[82.75416432802137,29.765565896748797],[82.76869657818457,29.74244533418488],[82.76488976594999,29.73117289621223],[82.7995940155514,29.719030333583078],[82.81986039164383,29.72112520896127],[82.81764851626605,29.70231452139808],[82.82908770293523,29.689803021792045],[82.8289880166837,29.649057521487464],[82.80034239088866,29.639472396933627],[82.79626457784804,29.631525208521623],[82.82117432813277,29.55942339627279],[82.80516589119298,29.55146477118228],[82.78351982827752,29.514328458891328],[82.7338168276845,29.507729209435524],[82.72546320326427,29.479280958749314],[82.73725901609077,29.46784927062737],[82.71678295317082,29.431658709681756],[82.69219195229681,29.425171521148854],[82.6891773285709,29.41255345817558],[82.65433407795541,29.390807396943842],[82.64380220380872,29.385309834081625],[82.62609751598762,29.39783414632882],[82.62500776609556,29.424637021681235],[82.58815420335384,29.42254858365027],[82.56087239044854,29.411369146369054],[82.54367520354788,29.420716396644423],[82.51502076529613,29.420481208640922],[82.49782389046021,29.49356614626072],[82.4343453904275,29.443325146038717],[82.41311895297736,29.451245646169696],[82.4124516407307,29.46386120902764],[82.38783351540445,29.5017785213617],[82.36549007770498,29.490380270932803],[82.34767164093353,29.493956646282243],[82.34172764111781,29.504198271433154],[82.31881189015667,29.506597334399487],[82.30242595289548,29.494017146374233],[82.30810170203199,29.478677708809244],[82.29581926514703,29.44245595847576],[82.2686568903033,29.444970834336573],[82.24928601503763,29.43335039650367],[82.2415590148367,29.438827084302545],[82.22396845278195,29.42845177133222],[82.21561670254886,29.406867396513178],[82.18596039075948,29.406101584220778],[82.14550289024623,29.42914970909186],[82.14445176533678,29.45707470903062],[82.13281207751544,29.46985327131148],[82.10385389054466,29.458646895737672],[82.08363820204147,29.48294864676268],[82.04300326528852,29.482792958828043],[82.01612707810222,29.461483896164907],[82.0079977652847,29.472945958888943],[81.98095964077487,29.47295633436738],[81.96619345266578,29.44579952093119],[81.93274788970342,29.437326333443593],[81.92341132787055,29.444395458883378],[81.88664320252184,29.44340245895637],[81.8686023274355,29.460633459466635],[81.80949351451414,29.45395002087679],[81.78985907673507,29.500006646489567],[81.76429820200048,29.505330709444763],[81.78243432698264,29.50914795921102],[81.77910107795242,29.517315334035516],[81.79470082698163,29.530565833546405],[81.80067295219504,29.55822139660023],[81.79227701467255,29.595732647044088],[81.77558239051496,29.60579708326884],[81.78663370228361,29.624788334014454],[81.8548065150087,29.61939952167063],[81.87433620245383,29.63504858412489],[81.8916037649019,29.66746052208549],[81.91954138952354,29.663764333657127],[81.93245563971607,29.677632083753736],[81.94865920256018,29.67514639628922],[81.99468838985734,29.704220084089684],[82.00794357753415,29.72717902139476],[82.0373547647107,29.749140208553854],[82.06219826553757,29.746195709464473],[82.0631058901248,29.728342209025755],[82.10312832830977,29.6862796470881],[82.10264463963847,29.665685584122457],[82.11555701474447,29.652896583410666],[82.10464082701259,29.634796521242492],[82.14448064076902,29.645813334118145],[82.1580611402095,29.6582432094566],[82.19443907760143,29.653186022117268],[82.23622726537604,29.66273408381096],[82.23363589048404,29.70051370904048],[82.26337551546771,29.702847521695844],[82.2839005779494,29.692308584273803],[82.31503926564966,29.71226645873014],[82.3414737661015,29.715862709096825],[82.39464395265634,29.69660658372692],[82.41298214091313,29.714153521467892],[82.41618695326537,29.73201164711986],[82.3994290770903,29.761206146246707],[82.41469288976509,29.77776552226112],[82.40284226505855,29.805347084600328],[82.44056164020759,29.815893522368242],[82.4317852651779,29.835191396066136],[82.43693626529648,29.86076570937007],[82.46451676553636,29.86533870891435],[82.46123889046248,29.881503209705443],[82.4495348912223,29.888684834937237],[82.46977564113297,29.898855834529172],[82.47621926560669,29.90666408487965],[82.47319788977086,29.92032020921033],[82.5312163907239,29.97099514760805],[82.56502207820643,29.95521945881103],[82.56656301617033,29.94620808463543]]]}},{"type":"Feature","properties":{"id":6,"name":"Rukum West","province":"Karnali Pradesh"},"geometry":{"type":"Polygon","coordinates":[[[82.58539570294937,28.987487520732543],[82.64243070261489,28.96277327136943],[82.66816501520333,28.96330120848404],[82.70222457770217,28.90178595815547],[82.69287007799176,28.888244457815517],[82.70170607807313,28.88268370858634],[82.69759907843479,28.86462283347703],[82.67373232768483,28.852053333894276],[82.65799576569208,28.866573583504135],[82.64497157877543,28.866384583781553],[82.61559357838098,28.826470958168215],[82.62164570278702,28.80896970778582],[82.56382776503938,28.76787433343378],[82.56793182749192,28.743799582984423],[82.60332426530266,28.742787146010016],[82.60718807836719,28.71554127091298],[82.61714845313867,28.710193520714483],[82.6178100780727,28.689668208221292],[82.60256489035748,28.68474520782513],[82.60144726507929,28.669583832427975],[82.58084926578107,28.664571457406907],[82.55656051625488,28.643922645513726],[82.50329151579086,28.6676342704053],[82.49182320277862,28.659190832490992],[82.4877035155049,28.64051808294323],[82.51024888967459,28.627646832935056],[82.54178476565448,28.620629333077318],[82.54952445259147,28.62705333344462],[82.54768376519365,28.61833083320147],[82.56210476472319,28.61032545775373],[82.58184576586945,28.61317270865362],[82.57702126551902,28.579506396303202],[82.55551026548642,28.581591208267696],[82.52346670242645,28.553951395940203],[82.4942235778559,28.55259383243947],[82.49485969531872,28.53994941663234],[82.46483414078301,28.52115264517846],[82.40339195317614,28.535460332828166],[82.39455170289881,28.52647620811058],[82.38292451565394,28.532809957913287],[82.37687420338182,28.56634339543143],[82.34226688990509,28.589264270729586],[82.30140864069625,28.597506083339113],[82.27446163999275,28.592783333184343],[82.23920801523775,28.609600458494413],[82.22299382690363,28.607076770176832],[82.20393251537337,28.622366332240517],[82.18658414074554,28.62300208277992],[82.19897764030594,28.683188270922017],[82.21099932685752,28.675889520684905],[82.24927076523369,28.712309771179036],[82.28186007738071,28.694204145804747],[82.2778220782264,28.705995208412162],[82.29199564008678,28.738089458161994],[82.28530226578698,28.76211677117209],[82.29616188975945,28.784961270646193],[82.3377197656547,28.78405295807761],[82.35950907798161,28.79186589569457],[82.37740601477583,28.821943145959494],[82.40218857754087,28.841840521223105],[82.43267501573945,28.85125808319401],[82.45744401582874,28.873380332636316],[82.47311813969043,28.86817977087975],[82.49870888990341,28.87860758357317],[82.50938139013908,28.89482977137692],[82.5063012031381,28.921225207977045],[82.51800032805278,28.930541770686204],[82.51516882787917,28.949873083875787],[82.55391795375061,28.987675958378816],[82.58539570294937,28.987487520732543]]]}},{"type":"Feature","properties":{"id":6,"name":"Salyan","province":"Karnali Pradesh"},"geometry":{"type":"Polygon","coordinates":[[[82.05598026477747,28.63654664621083],[82.08415139027449,28.6180578332025],[82.14011626505362,28.626466707472616],[82.14643370295306,28.624464333662104],[82.14464432817329,28.615778333303467],[82.16899020263583,28.611237020472174],[82.19578945192171,28.623354332836243],[82.22299382690363,28.607076770176832],[82.23920801523775,28.609600458494413],[82.27437563962411,28.5928021461022],[82.30140864069625,28.597506083339113],[82.3416847029867,28.58950914623017],[82.37687420338182,28.56634339543143],[82.38540826507943,28.52959264588395],[82.39474626492824,28.526462958398838],[82.40339195317614,28.535460332828166],[82.41914782721051,28.530358645235367],[82.40939345294555,28.50359789592619],[82.4135646821644,28.492544173974522],[82.39830589310253,28.46148109497659],[82.3756965780347,28.448185270533884],[82.37811207791015,28.42984095789393],[82.35223089074304,28.421645520624338],[82.36746201575949,28.403049333060324],[82.36545807802793,28.388189646035414],[82.38546089070758,28.37269283160896],[82.38118657669924,28.35161889489615],[82.36505807756828,28.34070708146669],[82.36537345182342,28.319399208606626],[82.37795857712666,28.31500452034237],[82.40548295157703,28.26206451976185],[82.43920120157424,28.24650214475821],[82.42875282678159,28.238864894199537],[82.42951751492143,28.22991233208853],[82.4087197654049,28.220547270739985],[82.40012145344235,28.169689957025923],[82.3946997025293,28.18913283201465],[82.37995501541167,28.184395895054593],[82.36901220325063,28.189696707836845],[82.33943414057319,28.223388770475424],[82.3143018278671,28.223253582586835],[82.30225726526066,28.245824644991444],[82.27734413982023,28.24834727031032],[82.24585245292843,28.237779832473336],[82.21965851572799,28.24951939540381],[82.20054139047284,28.242794270539207],[82.17128970255777,28.251429145338818],[82.14565514007273,28.236988894921637],[82.13465570209905,28.251404208037798],[82.1026498907799,28.258883270546562],[82.07048682760507,28.236923520504092],[82.05613688980566,28.241980395778683],[82.0440357022859,28.23005520738195],[82.02494049081105,28.20108796963416],[82.03105926487325,28.18757058911143],[82.02004241962203,28.181690233417612],[82.00942993114649,28.1509399593117],[81.97973632806912,28.182729738186936],[81.96707916257333,28.18435479963432],[81.96450042675337,28.194263475978687],[81.92851257299691,28.209331530525787],[81.9233779909016,28.226751344598938],[81.88470095198738,28.24338902098657],[81.86271901477079,28.238579520428573],[81.8664718272131,28.2496875830156],[81.84535020215014,28.271882645167977],[81.81027320244641,28.282868333406896],[81.7954407019269,28.273718770305038],[81.78895082711904,28.294560395046233],[81.74687276446656,28.3131350825181],[81.77026820211591,28.38421333317882],[81.78105482721855,28.39057289532292],[81.83958632754701,28.38101089593613],[81.93260695154964,28.337775145007015],[81.98320645301544,28.362981082511],[81.9784943274513,28.385866645029694],[81.99167307725077,28.3952467709218],[81.97590738981427,28.404448020759617],[81.96372389004557,28.42480764485697],[81.96372182700077,28.45034839546213],[81.98761845232974,28.446621583319484],[81.99203720195538,28.46139795804936],[82.01222570305379,28.46790677078087],[82.02940920227292,28.516685708079024],[82.01924476503393,28.54427652084479],[81.99591576480077,28.569854395464006],[82.01334001522957,28.59545939543483],[82.00587414037932,28.61312964551678],[82.02732857665256,28.613753833472686],[82.0235705148674,28.62709027129904],[82.03052995269519,28.64050327110914],[82.04589788977586,28.636554895691916],[82.05825914054697,28.64455770807183],[82.05598026477747,28.63654664621083]]]}},{"type":"Feature","properties":{"id":6,"name":"Surkhet","province":"Karnali Pradesh"},"geometry":{"type":"Polygon","coordinates":[[[81.06255070105408,28.971637020931837],[81.11860120118456,28.96448595826041],[81.17050176354559,28.921366708207074],[81.20593088919924,28.908017770703623],[81.23836038912071,28.905899959015926],[81.24741732744775,28.915074833536778],[81.26785707664283,28.902589083319583],[81.2852454513166,28.92154708343122],[81.30378382686217,28.925668958755466],[81.33834007683316,28.906892958043613],[81.34937582673308,28.89010914632007],[81.37615570192418,28.892755584003055],[81.416350014042,28.91411933354044],[81.46563288914655,28.894337333201406],[81.46502513899901,28.852713270800848],[81.49229701439577,28.840884958274273],[81.5000000764424,28.821181708868835],[81.52431620223098,28.802903457728462],[81.5172352021429,28.780349896130872],[81.5368305149164,28.761232333805197],[81.52178513947268,28.749442395350343],[81.54826657644139,28.748987895075345],[81.57697751370137,28.71240133295521],[81.60300938947182,28.70710114520176],[81.61805226390089,28.689790145498876],[81.63162288968465,28.69206933333311],[81.64103007707644,28.676334145504484],[81.67704670194382,28.679039833221793],[81.70341138982383,28.66095620796267],[81.77964126473262,28.633502520225193],[81.78414951398895,28.651793271042663],[81.81233626430719,28.679570270451677],[81.80902532745694,28.694242957846257],[81.82186332683114,28.723994521330155],[81.86080845184864,28.693271520963947],[81.8698252021714,28.663939957962725],[81.8873585151834,28.643122895505257],[81.94942138968543,28.636044770549745],[82.01016651457303,28.64514827127573],[82.0422278896055,28.641812520331598],[82.02913807825973,28.638986582464838],[82.02660945176484,28.6130193337753],[82.00602370213221,28.613399271259425],[82.01334001522957,28.59545939543483],[81.99591576480077,28.569854395464006],[82.01985107806485,28.543098770491895],[82.02018570230837,28.527638270689692],[82.02944307703643,28.51740739513525],[82.0223673892437,28.51149595797216],[82.02705145236268,28.499003020373152],[82.01087395277074,28.4785110826204],[82.01222570305379,28.46790677078087],[81.9855610777816,28.454882270900157],[81.98804782734544,28.44681470733292],[81.9633412024346,28.448911707809145],[81.96372389004557,28.42480764485697],[81.97590738981427,28.404448020759617],[81.99167307725077,28.3952467709218],[81.9784943274513,28.385866645029694],[81.98320645301544,28.362981082511],[81.93883832702721,28.33715483312909],[81.81204788949856,28.389604332673855],[81.78060720226063,28.39041302014482],[81.77026820211591,28.38421333317882],[81.76849807732447,28.370030020868796],[81.73386670248641,28.377566770390217],[81.70432626474536,28.393181770122624],[81.68938513961257,28.410860645602384],[81.66022995165099,28.415312144939605],[81.55910857639975,28.49487695780539],[81.54051676403748,28.494561832662498],[81.51367007731227,28.524422270771254],[81.47786495140645,28.539682645337848],[81.46787382701558,28.553360333612545],[81.4471129515016,28.554188395178357],[81.42351420141932,28.58124527055287],[81.42639401407257,28.587684333665095],[81.40272970161448,28.606760082911535],[81.31809063857219,28.636666833407673],[81.31197163878016,28.651014333144985],[81.32285432676582,28.667514958248773],[81.2870650136395,28.67320202085665],[81.28291663979115,28.69502752010402],[81.26835001484136,28.70388089598663],[81.27418282697596,28.726983082703157],[81.25784807642765,28.729878208112893],[81.26282801380188,28.745774208213163],[81.24896826407416,28.760828396113652],[81.24949038887041,28.779586896018486],[81.22763532710871,28.79506170853108],[81.24384157712711,28.810753896175413],[81.23163682637852,28.816695333822622],[81.23373257679702,28.83182552073123],[81.20788745244403,28.850336082943898],[81.20826432683725,28.862001709011736],[81.20071832688933,28.86108808324849],[81.19692763859967,28.832964958166315],[81.2084142015542,28.825161958957267],[81.20513545144001,28.8166637712161],[81.17584613948782,28.834909457905212],[81.15470995080364,28.83032164652684],[81.15943757618328,28.844324208595424],[81.14510126401217,28.87300614631664],[81.13078301382507,28.865149333475017],[81.12772057674329,28.851568396064692],[81.10414613893323,28.84473014637922],[81.09087170216736,28.862792957728857],[81.07459070139981,28.864799583534023],[81.07400232714576,28.876716520650973],[81.05322013949791,28.876821083026584],[81.02287276346732,28.91977164634443],[80.98274101358697,28.938698582973302],[81.00354232621743,28.956601457990928],[81.02253338900476,28.952811708593515],[81.0498650765121,28.977943458323978],[81.06255070105408,28.971637020931837]]]}},{"type":"Feature","properties":{"id":7,"name":"Achham","province":"Sudurpashchim Pradesh"},"geometry":{"type":"Polygon","coordinates":[[[81.17295020109094,29.386465333408466],[81.20248882669807,29.36516864631602],[81.2507457642057,29.350707520835442],[81.26982113933417,29.301786896248302],[81.29682345194084,29.310333708533847],[81.31097007730727,29.325091271245242],[81.33153376387219,29.314339770963727],[81.35604057651148,29.284045146466383],[81.36829732696015,29.284528521274297],[81.38380101400566,29.302685583373034],[81.39855163934675,29.28446652111313],[81.4185605764095,29.276798458881842],[81.44476082685071,29.28738195861058],[81.49610270157848,29.257921895978768],[81.50139345184641,29.23880814587926],[81.48880451431694,29.226911895867374],[81.48387170141797,29.20053783345429],[81.49871470152232,29.15477139568344],[81.52644076512928,29.152686832831137],[81.53706576407382,29.136826083457038],[81.56733138993178,29.12609170806593],[81.51167195189913,29.090667146471674],[81.47114876490366,29.078060334017266],[81.46857357600976,29.067019583886747],[81.44589601408984,29.053725646221665],[81.44142282760146,29.040218083597722],[81.41955588939283,29.02129264523944],[81.42078745157966,29.00424245882249],[81.41189588958372,28.996895083141624],[81.42690057610076,28.98018545829234],[81.42578026454765,28.9663145830516],[81.43454676502125,28.957023333560073],[81.44570651434424,28.958457771109295],[81.44639463870169,28.940355520890648],[81.46829057734834,28.928825021557543],[81.49342088906286,28.894127896385385],[81.51074513847743,28.889729520001424],[81.55865963933093,28.79747527126682],[81.58164988923107,28.779966083468025],[81.58003082716101,28.7554294583029],[81.52222570205458,28.748973645317506],[81.5368305149164,28.761232333805197],[81.5172352021429,28.780349896130872],[81.52413220183968,28.80324258307877],[81.5000000764424,28.821181708868835],[81.49229701439577,28.840884958274273],[81.46502513899901,28.852713270800848],[81.4666998888888,28.893582396410523],[81.44239345149663,28.900317395831223],[81.43353638929301,28.910575082873834],[81.41591907690395,28.914077833425324],[81.35697995256282,28.889685395664515],[81.30378382686217,28.925668958755466],[81.2852454513166,28.92154708343122],[81.26785707664283,28.902589083319583],[81.24741732744775,28.915074833536778],[81.23836038912071,28.905899959015926],[81.20593088919924,28.908017770703623],[81.17096257616203,28.92108864592433],[81.12244257616402,28.962544582766327],[81.10553676421034,28.965588770805198],[81.10710532664956,28.977799582984403],[81.12048126359952,28.974079208188982],[81.14700470160574,28.993387146199893],[81.14660726421391,29.034720270723938],[81.12308995134026,29.065294833489816],[81.1303047022003,29.08121320872266],[81.1116283886393,29.084778708570582],[81.11081376384419,29.09786420856642],[81.05754701348394,29.148989146132237],[81.06023626339288,29.158972959034884],[81.05113251445403,29.162464521120796],[81.04720245103232,29.1843512704948],[81.03172232622444,29.186221458353657],[81.02842563913202,29.195286646161833],[81.06601563961016,29.1982940834053],[81.11519163928278,29.227489146407038],[81.11460682634402,29.239626646752413],[81.09903026363583,29.248202708588167],[81.10172663887334,29.26130777153645],[81.12240507623335,29.29931877164404],[81.13739857698278,29.304833521449893],[81.14552713886644,29.34935908365486],[81.1562595141653,29.362602708748057],[81.15514413899086,29.381966458685156],[81.17295020109094,29.386465333408466]]]}},{"type":"Feature","properties":{"id":7,"name":"Baitadi","province":"Sudurpashchim Pradesh"},"geometry":{"type":"Polygon","coordinates":[[[80.76012445128248,29.704525896752784],[80.781614264187,29.70216508465097],[80.79769688800104,29.688313021428826],[80.7938676385807,29.678007146912364],[80.78231070097814,29.678306772239807],[80.78039901390343,29.665524458886694],[80.76471626374462,29.66196495841615],[80.763654951315,29.64748083367357],[80.79255713840126,29.64137758370856],[80.78261532563681,29.633473083416106],[80.78830638842913,29.60266777170034],[80.77946107586803,29.586833208785606],[80.77832820168521,29.55999364648966],[80.77298120062198,29.551852334018065],[80.7499982010562,29.55326277135987],[80.75000007614267,29.53065439608355],[80.78232970185434,29.52325252148671],[80.79002295139816,29.506774584479558],[80.81874170196801,29.515704958517063],[80.824304701301,29.500810209623523],[80.84714626448857,29.488983834236592],[80.85808838956757,29.469060771637373],[80.87714582591917,29.464148458784393],[80.88493051403208,29.442713208647717],[80.90995845142146,29.4414263336584],[80.87696907676155,29.41243658408115],[80.85376738905381,29.407594521769795],[80.86184045197535,29.396454458606456],[80.85336251426867,29.37732214649992],[80.8369482636515,29.381208020833526],[80.8163497643302,29.364805645763965],[80.78765013874295,29.366285771571143],[80.78024195090535,29.3794166459615],[80.76401982605421,29.385784396432825],[80.76910801392376,29.3998746468975],[80.74310663866049,29.40170845897825],[80.72303545052569,29.40950745890217],[80.72028895157393,29.4186313337691],[80.70860757657846,29.41454795932094],[80.68378357575148,29.425107521794757],[80.6704392643606,29.41872033427603],[80.68026351414994,29.40132214620013],[80.65221138874466,29.382528021451094],[80.6178998272153,29.396508584303774],[80.58350957680557,29.396340146680473],[80.57799645117535,29.41181833344939],[80.55386907689643,29.4185276464338],[80.54963013862005,29.398711459266508],[80.53375282643185,29.391993021760584],[80.5042348888291,29.39885033347616],[80.48150388829384,29.385702459201184],[80.45952088897792,29.39605527113389],[80.44285488844241,29.386115021391163],[80.43282045180246,29.392504146049532],[80.41724126397321,29.373490084000252],[80.41611470123252,29.356006833548577],[80.40358463872013,29.360672895837524],[80.38804995114441,29.35591033359509],[80.38752101398364,29.34892833357577],[80.36973051375224,29.34994633375635],[80.36742888873226,29.34044958378132],[80.37369013878896,29.338008958646583],[80.3643517639228,29.327066771514353],[80.3545381387242,29.33391583374879],[80.32812045109802,29.308506458806107],[80.29286945146407,29.330151958745944],[80.27296826397424,29.363713208697675],[80.2806072016611,29.37854377117816],[80.2769400766233,29.392209958922535],[80.24332695197734,29.411585708513712],[80.24487288837315,29.44444783450001],[80.2759677638013,29.449517834480503],[80.27086170100677,29.455034709384392],[80.27789851380544,29.45853789700641],[80.28217157685685,29.450909395951896],[80.30418907686447,29.453092645908953],[80.28848038935854,29.47716458327892],[80.30077051364833,29.49058170917857],[80.31475488872718,29.48451427111678],[80.31555226452542,29.49904789634337],[80.34704201337826,29.513663584706705],[80.35969238899264,29.53252483395397],[80.34353163837449,29.54031639648457],[80.34438907629487,29.552914646493775],[80.36572782647806,29.55661170816387],[80.3653425766986,29.564065209242074],[80.38053395078128,29.561323958733738],[80.38081095186402,29.57147852141668],[80.38997770190946,29.57203520985712],[80.41941545146199,29.614029896362695],[80.44395507676546,29.616589271577652],[80.45185020162558,29.625374522016614],[80.4985664511808,29.62465702130453],[80.50807238952922,29.644751021642378],[80.56064520141496,29.670818458405165],[80.5752603259034,29.687488959148197],[80.63516663872946,29.69057064621842],[80.65316351358535,29.681155959380078],[80.67603188916041,29.687236771260018],[80.69077757632414,29.705205521617586],[80.70999220157887,29.699253083463077],[80.76012445128248,29.704525896752784]]]}},{"type":"Feature","properties":{"id":7,"name":"Bajhang","province":"Sudurpashchim Pradesh"},"geometry":{"type":"Polygon","coordinates":[[[81.09178107683528,30.05421102272055],[81.11989745160616,30.03424814713435],[81.12564307716633,30.020286834270053],[81.15108620096748,30.011593771535388],[81.18620376459211,30.010912646601412],[81.19669988978814,30.02291114683203],[81.20903132713408,30.02077408425663],[81.21921238924045,30.007324896626756],[81.24689201365555,30.011097022010006],[81.255013577015,30.023652459793254],[81.23916663852958,30.031850022160825],[81.2737172650398,30.04528289698817],[81.35881001447063,30.010566584780122],[81.38371326445565,30.007227896650136],[81.40310495183212,30.0228399591968],[81.45838663863253,30.001397271666804],[81.47196620097947,29.9731647089842],[81.46870232655118,29.960752147393748],[81.45453413903937,29.951174521387088],[81.46446445127344,29.920970147454398],[81.45820364008597,29.901193833528623],[81.47246432736688,29.88983345894701],[81.49451332702847,29.887169896373678],[81.50737888882469,29.89440920951745],[81.53486457623927,29.883534209835943],[81.5667654519641,29.851557522161954],[81.56022545164336,29.809911334640447],[81.54845220280697,29.794635396406477],[81.56238801359603,29.77061208358083],[81.54270476421357,29.747399397164486],[81.51235226474529,29.75000170961124],[81.51000445234365,29.738921584463583],[81.52621926390793,29.710548458644496],[81.51635876424564,29.700817646617168],[81.51762888936179,29.679423584530866],[81.42923782686427,29.643971708727406],[81.41982776433991,29.623977083475665],[81.42059051444073,29.597816458962484],[81.40014007680315,29.576826209562],[81.40172263988796,29.5583936464497],[81.37325307616857,29.549985772225682],[81.34045545225734,29.505024770876503],[81.31649438960443,29.49152852172392],[81.31874895130312,29.483352459448497],[81.29266257661669,29.474815270808165],[81.30942713925111,29.460351146088556],[81.30459457647856,29.45136133405839],[81.26388188883817,29.43381633345706],[81.25221632662226,29.421794771011946],[81.25357576341082,29.413292021010022],[81.22775551430561,29.41163545900929],[81.20375720173354,29.395702584007097],[81.17239107728642,29.41158777065914],[81.16543307657525,29.39471345925881],[81.14570507602849,29.39089689657459],[81.13337382664082,29.404305396177165],[81.1209556388917,29.395704209082055],[81.09739363870551,29.407801583476328],[81.03528601483777,29.411784833703166],[81.02435232629887,29.42186439652471],[80.97267526345269,29.40025677153284],[80.94119001390806,29.39751470893674],[80.91378563959563,29.445394709098593],[80.88527138946313,29.442456333493055],[80.87714582591917,29.464148458784393],[80.85808838956757,29.469060771637373],[80.84714626448857,29.488983834236592],[80.824304701301,29.500810209623523],[80.81874170196801,29.515704958517063],[80.79002295139816,29.506774584479558],[80.78232970185434,29.52325252148671],[80.75000007614267,29.53065439608355],[80.7499982010562,29.55326277135987],[80.77298120062198,29.551852334018065],[80.77832820168521,29.55999364648966],[80.77946107586803,29.586833208785606],[80.78830638842913,29.60266777170034],[80.78261532563681,29.633473083416106],[80.79255713840126,29.64137758370856],[80.763654951315,29.64748083367357],[80.76471626374462,29.66196495841615],[80.78039901390343,29.665524458886694],[80.78231070097814,29.678306772239807],[80.7938676385807,29.678007146912364],[80.79769688800104,29.688313021428826],[80.8421053890525,29.687412459217683],[80.86638620206162,29.706347272108985],[80.94159588873936,29.73545189658779],[80.97693438881106,29.721907709073548],[80.98985395129887,29.741148958757492],[81.02219338861403,29.748350271947515],[81.03341426395718,29.742370021359477],[81.03990707595085,29.75267489672916],[81.05834751442632,29.75758114635289],[81.07157663975016,29.8284080841658],[81.04176813928825,29.840674147094262],[81.0425093883976,29.881714958678458],[81.0294225142377,29.906412021997255],[81.00232401374228,29.928194334001375],[81.0233102018044,29.958658084103376],[81.01669620166842,29.98073120987749],[81.02765901385249,29.987532521708545],[81.03983901345975,30.015112084854877],[81.09178107683528,30.05421102272055]]]}},{"type":"Feature","properties":{"id":7,"name":"Bajura","province":"Sudurpashchim Pradesh"},"geometry":{"type":"Polygon","coordinates":[[[81.69990345198278,29.94107727159883],[81.69928738940155,29.93150089654921],[81.71145757740533,29.92687939656696],[81.71780595198317,29.909429146737807],[81.78178776479359,29.91106845884235],[81.80135007694457,29.90063608478755],[81.79545526464881,29.895537959409353],[81.79602670287011,29.848840646878386],[81.78259539016517,29.83927577145971],[81.78217432758322,29.807054084178674],[81.77547045189988,29.798143084236017],[81.76633313936293,29.801816646620978],[81.74143076441828,29.792227771894204],[81.72882520202154,29.73412370944169],[81.71583457690429,29.722298021136794],[81.69886701480095,29.67830520921808],[81.70119307709888,29.64205689650862],[81.71760132654003,29.620844208793244],[81.73872545171827,29.606569021742985],[81.77558239051496,29.60579708326884],[81.79150401499834,29.59664633486051],[81.80035313978561,29.57656470919403],[81.79470082698163,29.530565833546405],[81.77910107795242,29.517315334035516],[81.78243432698264,29.50914795921102],[81.76429820200048,29.505330709444763],[81.78985907673507,29.500006646489567],[81.80887295262471,29.466132708557723],[81.79115401414651,29.388990020872825],[81.762899452248,29.386562708402323],[81.74205426439283,29.334246145743066],[81.70498757671533,29.330560271639285],[81.67183645179085,29.31685558391814],[81.64953532719363,29.32140995850284],[81.64547863922786,29.355479396457042],[81.62738401436081,29.368823333729893],[81.57806688947545,29.362817833776035],[81.568804389511,29.347797458585887],[81.5602302018624,29.357865583829664],[81.52565570284844,29.315079270891715],[81.50973476454783,29.31456570854067],[81.48563113866618,29.279560583554144],[81.4698283892688,29.27184552185338],[81.44476082685071,29.28738195861058],[81.4185605764095,29.276798458881842],[81.39765988959226,29.285105395897347],[81.38380101400566,29.302685583373034],[81.36829732696015,29.284528521274297],[81.35604057651148,29.284045146466383],[81.33153376387219,29.314339770963727],[81.31097007730727,29.325091271245242],[81.29682345194084,29.310333708533847],[81.26982113933417,29.301786896248302],[81.2507457642057,29.350707520835442],[81.20248882669807,29.36516864631602],[81.17172851346021,29.386627083673034],[81.19483357710794,29.40177533346491],[81.20375720173354,29.395702584007097],[81.22775551430561,29.41163545900929],[81.25357576341082,29.413292021010022],[81.25221632662226,29.421794771011946],[81.26388188883817,29.43381633345706],[81.30459457647856,29.45136133405839],[81.30942713925111,29.460351146088556],[81.29266257661669,29.474815270808165],[81.31874895130312,29.483352459448497],[81.31649438960443,29.49152852172392],[81.34045545225734,29.505024770876503],[81.37325307616857,29.549985772225682],[81.40172263988796,29.5583936464497],[81.40014007680315,29.576826209562],[81.42059051444073,29.597816458962484],[81.41982776433991,29.623977083475665],[81.42923782686427,29.643971708727406],[81.51762888936179,29.679423584530866],[81.51635876424564,29.700817646617168],[81.52621926390793,29.710548458644496],[81.5100790142352,29.742803396559566],[81.51507945165542,29.753501021155273],[81.54159863946569,29.74708814630094],[81.55423132721404,29.754263209179783],[81.56238182715964,29.770668522334518],[81.54845220280697,29.794635396406477],[81.56022545164336,29.809911334640447],[81.56679963969168,29.85141977210486],[81.54348138905493,29.877934271749268],[81.50737888882469,29.89440920951745],[81.51886063950695,29.9047925849099],[81.51387476390926,29.916674710169787],[81.58669126469016,29.9368635844869],[81.60442376404552,29.930165397015514],[81.61468907733911,29.943241334519996],[81.62841395214224,29.93837658411212],[81.6466231398461,29.94812089676202],[81.66694695204023,29.940296272455043],[81.68916345223158,29.94928345936421],[81.69990345198278,29.94107727159883]]]}},{"type":"Feature","properties":{"id":7,"name":"Dadeldhura","province":"Sudurpashchim Pradesh"},"geometry":{"type":"Polygon","coordinates":[[[80.69082795094926,29.422329021367318],[80.70860757657846,29.41454795932094],[80.72028895157393,29.4186313337691],[80.72303545052569,29.40950745890217],[80.74310663866049,29.40170845897825],[80.769415700774,29.399654083669077],[80.76401982605421,29.385784396432825],[80.78748463830544,29.370625896168235],[80.77188657640443,29.357391770613788],[80.76459101336462,29.363537708698345],[80.75910026376624,29.346861270631166],[80.76200438869165,29.32862295838288],[80.77804432618478,29.315487270820938],[80.77418645134372,29.301803146098337],[80.7580087637935,29.308838146763094],[80.735899892666,29.298626520297717],[80.73430170116262,29.292004459538248],[80.74744819677693,29.284560584803216],[80.74548989424329,29.274793207240748],[80.75844151396478,29.267546270544017],[80.74079982635095,29.245145708807456],[80.70849445175759,29.23134951596745],[80.7059944542807,29.192142394156235],[80.68044970169245,29.191449958448857],[80.64747013593808,29.178095395686],[80.61843538878225,29.179931146705087],[80.5940182016787,29.16321489565098],[80.59285357603176,29.14789120881227],[80.56830576419969,29.14446877041746],[80.57385276369416,29.130158958569154],[80.56827913887122,29.11886808359526],[80.5281850759805,29.105747708789806],[80.53313413872957,29.089587583200455],[80.56386501355956,29.072665083426898],[80.54634357609524,29.04934789668812],[80.54855613945432,29.038445333685274],[80.53589320121034,29.02969639517255],[80.53716126328175,29.013944895440602],[80.52067282668963,28.999227707792556],[80.47362851434451,28.996506959128908],[80.4799167008951,29.01763845874791],[80.47059201371053,29.01873227087765],[80.46072732680477,29.037525895603665],[80.42195713881097,29.026430020628993],[80.3884026382712,29.047410708437496],[80.35731670120487,29.04444339624581],[80.35032245151996,29.05389820813582],[80.3265766389008,29.051315458641568],[80.31434557668706,29.058229021152442],[80.27417632687605,29.04581320851281],[80.25673745167211,29.052902958105108],[80.23044320229201,29.04520427036084],[80.18755213902006,29.087172958365386],[80.18604976398547,29.137257833582225],[80.21139395156968,29.12182352113865],[80.23496882645026,29.118445457991527],[80.2557673269007,29.13793614543681],[80.27448538968906,29.143491271205278],[80.26003588884527,29.165759021062],[80.25960795094625,29.18732964614628],[80.24245370127733,29.203306646384647],[80.25438101387277,29.221436396072875],[80.26249782611382,29.206696458274962],[80.29527663890582,29.197610458355996],[80.29243570124669,29.231871208189773],[80.30203895073703,29.242097896500752],[80.30598070084875,29.28527302143283],[80.31964351343743,29.301628271127868],[80.31869351369477,29.31334708400078],[80.33579507568226,29.312210583751494],[80.33489563852294,29.319070646493174],[80.35522751403857,29.33421920924917],[80.3643517639228,29.327066771514353],[80.37369013878896,29.338008958646583],[80.36742888873226,29.34044958378132],[80.36973051375224,29.34994633375635],[80.38752101398364,29.34892833357577],[80.38804995114441,29.35591033359509],[80.40358463872013,29.360672895837524],[80.41611470123252,29.356006833548577],[80.41724126397321,29.373490084000252],[80.43282045180246,29.392504146049532],[80.44285488844241,29.386115021391163],[80.45952088897792,29.39605527113389],[80.48150388829384,29.385702459201184],[80.5042348888291,29.39885033347616],[80.53375282643185,29.391993021760584],[80.54963013862005,29.398711459266508],[80.55386907689643,29.4185276464338],[80.57799645117535,29.41181833344939],[80.58350957680557,29.396340146680473],[80.6178998272153,29.396508584303774],[80.65221138874466,29.382528021451094],[80.68026351414994,29.40132214620013],[80.67061413933112,29.41893058407925],[80.69082795094926,29.422329021367318]]]}},{"type":"Feature","properties":{"id":7,"name":"Darchula","province":"Sudurpashchim Pradesh"},"geometry":{"type":"Polygon","coordinates":[[[80.60614127150262,30.466972730007456],[80.6153497851646,30.454932656816766],[80.62679499279477,30.45831149158215],[80.66072372731821,30.438614313499784],[80.69208502330537,30.410203549254447],[80.71052584669064,30.41320761853683],[80.7361942821405,30.3966703640462],[80.78863403303433,30.35002460065482],[80.78758469148039,30.34160844727205],[80.80554962151786,30.320118344785897],[80.8356670543912,30.30964068626872],[80.8660289769557,30.310297417092272],[80.88730016826827,30.296280012612613],[80.90977417763622,30.30065227178494],[80.91739440133063,30.284590909742803],[80.93373535000637,30.27504332289118],[80.92843510109907,30.26578721980451],[80.93768923916718,30.259519917310456],[80.98468835248553,30.268728431871637],[81.03579917519193,30.23430952816227],[81.02754412186391,30.226931931663444],[81.04740501343082,30.207594209904983],[81.03532151377698,30.196976271537835],[81.06583920161796,30.158805835121257],[81.08488757640072,30.148218209303025],[81.08295882648872,30.10055064699486],[81.1000543270456,30.10003795968413],[81.11046595194222,30.08617758402835],[81.09263551461737,30.054242021452296],[81.03983901345975,30.01511208485482],[81.02765901385249,29.987532521708545],[81.01669620166854,29.98073120987749],[81.0233102018044,29.958658084103376],[81.0023240137424,29.928194334001432],[81.02942251423781,29.90641202199737],[81.04250938839766,29.881714958678515],[81.04176813928825,29.84067414709432],[81.07157663975016,29.828408084165915],[81.06433070220032,29.768151209310986],[81.03341426395724,29.74237002135959],[81.02219338861403,29.74835027194763],[80.98985395129893,29.741148958757606],[80.97693438881117,29.721907709073548],[80.94159588873936,29.735451896587847],[80.86638620206156,29.706347272109042],[80.84139838972408,29.687219834328005],[80.83144563940488,29.69151614665293],[80.81292163952224,29.68407870926518],[80.75628688852913,29.70797477161858],[80.7103627015776,29.69925164634651],[80.69077757632425,29.7052055216177],[80.67603188916053,29.687236771260018],[80.65316351358547,29.68115595938002],[80.63516663872946,29.690570646218532],[80.5752603259034,29.687488959148197],[80.56064520141496,29.670818458405165],[80.50807238952922,29.644751021642435],[80.49856645118092,29.624657021304643],[80.45150163878975,29.625314458995263],[80.41057026300729,29.6050015834565],[80.41022495122064,29.621422146415114],[80.42283607682367,29.63018483376311],[80.41798170189406,29.65180314629822],[80.38639070107007,29.674089646120365],[80.36583270091847,29.740144334193815],[80.36974451349863,29.75064533461466],[80.38749420159627,29.750419647049114],[80.38687351380173,29.75853964738701],[80.39924613919794,29.75928664676138],[80.40860020093862,29.794454772070196],[80.43708263935247,29.80607645996082],[80.44587520217891,29.799132208984418],[80.49506851380102,29.79553964673744],[80.50898963866098,29.82310508423234],[80.55443320183088,29.850407021267074],[80.5743720133579,29.89526670949124],[80.57598451397433,29.923477147052836],[80.5971179516323,29.95305689685847],[80.6315550765056,29.965157959372505],[80.65033976466844,29.955926959062026],[80.67966563855845,29.958906834782624],[80.72109920116725,30.00018327234028],[80.74940701372276,30.0065808964913],[80.76295282631207,30.049520335195382],[80.7811914506251,30.056675334199497],[80.80753576346478,30.089667333980344],[80.82347663883593,30.099822146674853],[80.84246145133488,30.099433522639004],[80.84603988882986,30.11554764700645],[80.880425326068,30.132090334301665],[80.86870420103816,30.16661983483766],[80.76345950165484,30.278900410825372],[80.7576456850004,30.306188069324037],[80.73813410450549,30.30837717386754],[80.71686172338985,30.329078484584556],[80.66870143242522,30.34295074208319],[80.6559368141327,30.378862757810055],[80.64045247150455,30.388731571704852],[80.61343020563959,30.444179965832745],[80.5945770907602,30.447668162655702],[80.56969871512365,30.44124413440926],[80.55427029054164,30.426634243975286],[80.54999677872843,30.43144075518677],[80.54961606423007,30.44333806010343],[80.5672731167611,30.459415079342534],[80.60614127150262,30.466972730007456]]]}},{"type":"Feature","properties":{"id":7,"name":"Doti","province":"Sudurpashchim Pradesh"},"geometry":{"type":"Polygon","coordinates":[[[80.93068882642825,29.420797333829967],[80.94119001390806,29.39751470893674],[80.97267526345269,29.40025677153284],[81.02435232629887,29.42186439652471],[81.03528601483777,29.411784833703166],[81.09739363870551,29.407801583476328],[81.1209556388917,29.395704209082055],[81.13337382664082,29.404305396177165],[81.14570507602849,29.39089689657459],[81.16543307657525,29.39471345925881],[81.17239107728642,29.41158777065914],[81.18776395164508,29.404871521203802],[81.18828138917485,29.39764064639877],[81.15514413899086,29.381966458685156],[81.1562595141653,29.362602708748057],[81.14552713886644,29.34935908365486],[81.13739857698278,29.304833521449893],[81.12240507623335,29.29931877164404],[81.10172663887334,29.26130777153645],[81.09903026363583,29.248202708588167],[81.11460682634402,29.239626646752413],[81.11519163928278,29.227489146407038],[81.06601563961016,29.1982940834053],[81.02842563913202,29.195286646161833],[81.03172232622444,29.186221458353657],[81.04720245103232,29.1843512704948],[81.05113251445403,29.162464521120796],[81.06023626339288,29.158972959034884],[81.05754701348394,29.148989146132237],[81.11081376384419,29.09786420856642],[81.1116283886393,29.084778708570582],[81.1303047022003,29.08121320872266],[81.12308995134026,29.065294833489816],[81.14637832649862,29.035334146153957],[81.15187163916488,29.00602902142225],[81.13375963939592,28.980999521011142],[81.1198977636709,28.973996333863795],[81.10710532664956,28.977799582984403],[81.1023441385712,28.96374583330362],[81.05051145164225,28.978164333617144],[81.02253338900476,28.952811708593515],[81.00354232621743,28.956601457990928],[80.98274101358697,28.938698582973302],[80.95499126363597,28.93576145922401],[80.92979007635103,28.943416833819867],[80.9131450767839,28.9309175829801],[80.90755895138454,28.940684833738146],[80.89891045095658,28.94251283350053],[80.89659438822048,28.93433964635767],[80.88487513827704,28.940543271454885],[80.88462557640929,28.96613120768916],[80.85732526355014,28.97757695850987],[80.83857326394502,28.955708270220555],[80.83382563944178,28.936618583281017],[80.82233738845974,28.93065252039753],[80.80710676436576,28.9448603958906],[80.81142001362281,28.95497133336039],[80.80478338834274,28.9722769587147],[80.76286607590873,28.98886364624036],[80.76324626430369,29.00276145797494],[80.6582517014549,29.02207483328698],[80.61867138887357,29.058693708947544],[80.59845720133882,29.048128646220107],[80.53313413872957,29.089587583200455],[80.5281850759805,29.105747708789806],[80.56827913887122,29.11886808359526],[80.57385276369416,29.130158958569154],[80.56762120115758,29.143557458609905],[80.59285357603176,29.14789120881227],[80.59999707630408,29.170115833478974],[80.62123351421536,29.181015146332015],[80.64747013593808,29.178095395686],[80.68044970169245,29.191449958448857],[80.70616588934439,29.192334521720852],[80.70849445175759,29.23134951596745],[80.74079982635095,29.245145708807456],[80.75844151396478,29.267546270544017],[80.74548989424329,29.274793207240748],[80.74744819677693,29.284560584803216],[80.73430170116262,29.292004459538248],[80.735899892666,29.298626520297717],[80.7580087637935,29.308838146763094],[80.77418645134372,29.301803146098337],[80.77804432618478,29.315487270820938],[80.76083951393247,29.332300271840097],[80.76459101336462,29.363537708698345],[80.77167970085759,29.35735983388929],[80.77632576402283,29.36499495845061],[80.8163497643302,29.364805645763965],[80.8369482636515,29.381208020833526],[80.85240020100855,29.376646583872798],[80.86184045197535,29.396454458606456],[80.85376738905381,29.407594521769795],[80.87696907676155,29.41243658408115],[80.91344838933173,29.44569227138129],[80.93068882642825,29.420797333829967]]]}},{"type":"Feature","properties":{"id":7,"name":"Kailali","province":"Sudurpashchim Pradesh"},"geometry":{"type":"Polygon","coordinates":[[[80.56767151372941,29.06213970778134],[80.60013895155146,29.047711770881563],[80.61832770126244,29.058850646040526],[80.6411112015208,29.031550459086475],[80.6654563889013,29.019739957632964],[80.76324626430369,29.00276145797494],[80.76286607590873,28.98886364624036],[80.80478338834274,28.9722769587147],[80.81142001362281,28.95497133336039],[80.80710676436576,28.9448603958906],[80.81846945110436,28.931479771674162],[80.83382563944178,28.936618583281017],[80.83875938853504,28.956019833148844],[80.86052613956974,28.97704789634338],[80.88462557640929,28.96613120768916],[80.88292045101804,28.943966271026625],[80.89620432706812,28.934352833116805],[80.89916976417334,28.94257389566883],[80.9131450767839,28.9309175829801],[80.9265454510118,28.94289395808977],[80.9557735766893,28.935696395072625],[80.97069332583635,28.94130452058721],[81.00922595161643,28.927464207906894],[81.02329157684483,28.919374521017403],[81.05322013949791,28.876821083026584],[81.07400232714576,28.876716520650973],[81.07459070139981,28.864799583534023],[81.09087170216736,28.862792957728857],[81.10414613893323,28.84473014637922],[81.12772057674329,28.851568396064692],[81.13078301382507,28.865149333475017],[81.14458138931974,28.873117146039533],[81.15939307682908,28.84449570841025],[81.15664245178777,28.829015395644035],[81.17584613948782,28.834909457905212],[81.20678901420172,28.8174395839697],[81.2084142015542,28.825161958957267],[81.19692763859967,28.832964958166315],[81.20409345105196,28.863612145684044],[81.2102754510513,28.84710395818115],[81.23543032684819,28.829823708997026],[81.23137388979325,28.817268833290086],[81.24397732619269,28.809783521392433],[81.22763532710871,28.79506170853108],[81.24949038887041,28.779586896018486],[81.24896826407416,28.760828396113652],[81.26282801380188,28.745774208213163],[81.25784807642765,28.729878208112893],[81.27456132644414,28.72612727075699],[81.26823926423071,28.70410895866155],[81.28313782624974,28.694512645642135],[81.28928345137024,28.647917332419013],[81.25037257613354,28.59402770801239],[81.16982363874996,28.524102707474015],[81.16188076348652,28.501338333097635],[81.14901382662686,28.498110957654603],[81.11070757639357,28.461346583378145],[81.09233657637196,28.45684333345315],[81.0875635136453,28.43829133317854],[81.0612590137925,28.409816395110624],[81.06907876377397,28.394375520314043],[81.04769095197594,28.409934645167766],[81.03657438899694,28.413295332513655],[81.03407063954842,28.398682333123247],[81.02276013866953,28.41027045831504],[81.01849101374933,28.415699582769605],[81.03551663878193,28.42785727019691],[81.03132813898247,28.43848739617647],[81.02095401401658,28.431616895903062],[81.01473582619747,28.43815852039944],[81.01920601434614,28.4515712081448],[81.00145045097759,28.45393933353347],[80.99092313909165,28.441581707929515],[80.97959301320708,28.44242658232099],[80.98083607592423,28.434284020691052],[80.96704926301311,28.437670207414214],[80.98157626383357,28.45519251991891],[80.9687858260051,28.456927520788497],[80.95348057616769,28.447469582855035],[80.95333157649111,28.455526457979715],[80.9340122629556,28.458534957322456],[80.94427963839468,28.468376707918765],[80.93231688891336,28.457552769944414],[80.91931782635663,28.459680020016947],[80.916205763785,28.467748645683514],[80.9173735766293,28.457578332274238],[80.90744245140809,28.465721395725893],[80.90315170138996,28.485633957840946],[80.91034238819071,28.497513270021443],[80.89783401372881,28.50559064609149],[80.86328788922475,28.50408477089553],[80.86727032646445,28.489502395219404],[80.84608145099821,28.49540708297053],[80.81718245110926,28.520600020774395],[80.79070826357554,28.52430708290558],[80.79124238802586,28.543314020525656],[80.77123645200072,28.549648707421966],[80.76967501309144,28.565563395434424],[80.74010576377003,28.57416008322133],[80.74045626374561,28.565824270773533],[80.72622182677594,28.574746458282448],[80.71632338831375,28.567829082646085],[80.69196832547789,28.58702326990806],[80.6974121385594,28.60332045847241],[80.67908370075224,28.60429358338223],[80.68125163885213,28.620412082951304],[80.66930170111266,28.64184158372217],[80.65292295123328,28.63386576988944],[80.64320020162808,28.64322152055678],[80.6132570133006,28.639249832913492],[80.60793363832681,28.652317707995905],[80.59140207654468,28.647689020631844],[80.59927595132416,28.655911271188245],[80.58186770073388,28.66123495822677],[80.59209251305907,28.67968283319624],[80.54437576413028,28.696347645727315],[80.54035813821758,28.7159552711189],[80.54997420124846,28.711525083016227],[80.5611607009057,28.72260089591464],[80.5398483269388,28.738643020558982],[80.55848495161928,28.753223083178796],[80.54662257547153,28.751807583553216],[80.53746963811335,28.767819520654427],[80.55191613791948,28.777783645598788],[80.54041020087016,28.79592439579426],[80.51271870090739,28.81505795795846],[80.52000095128295,28.83183977048907],[80.50935438929366,28.832363208295476],[80.49815763916376,28.85481252048146],[80.5094868891087,28.89678033344569],[80.50481276349831,28.91160333352707],[80.51233901343477,28.921340707907405],[80.48958695167653,28.92433577137882],[80.48330632662572,28.936765082842328],[80.46981788808512,28.938772332776978],[80.49004463914883,28.977448457980017],[80.48692120105267,28.99784427079652],[80.50230926406135,28.99320739600455],[80.52067282668963,28.999227707792556],[80.53716126328175,29.013944895440602],[80.53589320121034,29.02969639517255],[80.54855613945432,29.038445333685274],[80.5466968261976,29.049955895947903],[80.562806326251,29.06809327098773],[80.56767151372941,29.06213970778134]]]}},{"type":"Feature","properties":{"id":7,"name":"Kanchanpur","province":"Sudurpashchim Pradesh"},"geometry":{"type":"Polygon","coordinates":[[[80.18844238960463,29.127242708983886],[80.18755213902006,29.087172958365386],[80.22933363943599,29.045520520555613],[80.25673745167211,29.052902958105108],[80.27417632687605,29.04581320851281],[80.31434557668706,29.058229021152442],[80.3265766389008,29.051315458641568],[80.35032245151996,29.05389820813582],[80.35731670120487,29.04444339624581],[80.3884026382712,29.047410708437496],[80.42195713881097,29.026430020628993],[80.46130220133557,29.03742670847589],[80.47059201371053,29.01873227087765],[80.47977338943042,29.01799883327959],[80.47345588857843,28.996774770939],[80.4873548883175,28.998168521360242],[80.49154695123087,28.98292945802814],[80.46981788898444,28.938580583826933],[80.48330632662572,28.936765082842328],[80.48958695167653,28.92433577137882],[80.51233901343477,28.921340707907405],[80.50481276349831,28.91160333352707],[80.5094868891087,28.89678033344569],[80.49815763916376,28.85481252048146],[80.50935438929366,28.832363208295476],[80.52000095128295,28.83183977048907],[80.51271870090739,28.81505795795846],[80.54041020087016,28.79592439579426],[80.5517407008727,28.77831551994535],[80.53784482627776,28.77041983390825],[80.54271451306437,28.756252458484198],[80.55854770091571,28.75375795856297],[80.5398483269388,28.738643020558982],[80.56115563862187,28.72281070774801],[80.55091751363238,28.7118463334416],[80.53995857662704,28.714629583188753],[80.54437576413028,28.696347645727315],[80.55588982655433,28.690691520697158],[80.5415269520073,28.690593958644342],[80.50520613865245,28.66516845885735],[80.52329238813326,28.576845395898374],[80.53240088908984,28.572211333286475],[80.52445826383786,28.55275614567961],[80.48279245131062,28.58531314518558],[80.47023820153186,28.58297477116878],[80.46601245181324,28.61488670855482],[80.45330363915167,28.62858027076294],[80.42010226370854,28.638978270930522],[80.37803801284406,28.628280520429712],[80.3624247011391,28.635468207991437],[80.36205695126733,28.64532545840325],[80.32759363903529,28.66630489525477],[80.31897407609279,28.6997935834072],[80.29534207627586,28.711279957504075],[80.279262013731,28.709929583183794],[80.25788726368631,28.72934002052557],[80.26675976455152,28.74349070812974],[80.25314582741805,28.75734258339355],[80.21773801389827,28.755342019918317],[80.17261995134976,28.782321083251418],[80.11978801420554,28.828764395760288],[80.07665070126893,28.824327458245648],[80.06641295129674,28.83731883249817],[80.0601478269607,28.916376708318467],[80.10191938896867,28.986430145534825],[80.11961376426387,28.981649583361616],[80.12848357615616,29.00600108308356],[80.13726632647985,29.007253396227327],[80.12624651436522,29.01303395775102],[80.1381580771336,29.058864833745133],[80.13017276466144,29.061037646170462],[80.14605207694183,29.102983834036763],[80.18513901425416,29.137071896051225],[80.18844238960463,29.127242708983886]]]}}]}